책 이름,작가,장르,ISBN,책 소개
세스 매트리얼,제인 로버츠,"국내도서
 > 
인문
 > 
인문학일반
 > 
인문교양",9.79119E+12,"“이 책을 읽으면 더 이상 세상을 예전처럼 바라볼 수 없다!”삶, 죽음, 시간, 꿈, 우주, 다차원, 윤회, 신, 정체성…… ‘인류의 비밀’을 밝힌 최초의 책!
정현채, 성해영, 리처드 바크, 디팩 초프라, 루이스 L. 헤이 등 세계를 리드하는 수많은 학자들과 리더들, 그간 우리의 삶을 변화시킨 베스트셀러 작가들이 극찬한 영감의 원천 ‘세스’의 사상과 지식을 담은 책 ?세스 매트리얼?의 최신판이 출간되었다. ?세스 매트리얼?은 1970년에 출간되어 지금까지도 전 세계 많은 이들에게 회자되고 읽혀지고 있다. 2001년 국내에 출간된 이 책은 10년 전에 절판되었고, 현재 중고 실거래가가 50만 원이 넘을 만큼 인류를 뛰어넘는 초월적 존재를 통해 깨달음과 혜안을 얻고자 하는 사람들이 재출간을 오랫동안 기다려온 책이기도 하다. ?세스 매트리얼?은 ‘세스’의 사상과 지식을 본격적으로 다룬 ‘세스 입문서’라 할 수 있다. 시인이자 소설가인 저자 제인 로버츠는 ‘육체를 초월한 인격적 존재’인 세스를 만나며 현실관이 완전히 바뀌었다. 1963년부터 1980년대 초반까지 저자와 그의 남편 롭은 세스와 주고받은 방대한 지식과 이야기들을 모두 기록했다(이 기록들은 현재 미국 예일대학교 도서관에 보관되어 있다). 이 책은 그중에서도 초기 5년간의 교신을 바탕으로 삶. 죽음, 시간, 우주, 다차원, 꿈, 건강, 육체적 현실의 본질, 신, 정체성 등 “인류의 비밀”에 대한 다양한 세스의 지식을 다룬다. 더불어 세스가 등장하게 된 배경과 저자가 세스를 믿고 인정하기까지의 과정도 자세히 담아내 독자들이 ‘세스’라는 존재를 좀 더 쉽게 이해할 수 있도록 했다. “우리의 현실을 창조하는 건 우리 자신이다.”자기계발 및 심리학 분야의 고전!?세스 매트리얼?세스가 전하는 놀라운 지식과 이론들은 심리학 및 자기계발 분야의 고전이 되었고, 1970년대 전 세계 뉴에이지 철학 운동을 이끌었다. 세스의 메시지에는 우리가 수많은 생을 반복해 살아간다는 ‘윤회전생’이라는 개념이 깔려 있다. ?세스 매트리얼?이 출간될 당시 서양인에게 윤회라는 개념은 굉장히 낯설었다. 이 책을 통해 윤회전생이라는 개념이 널리 알려졌고 다차원적인 진정한 자아에 대해서 인식하는 촉매가 되어 주었다고 한다. 세스는 지구인으로서의 삶 말고도 다른 차원에서도 살아가고 있다는 다차원 우주를 이야기하며 우리의 의식을 확장시킨다. 또한 세스는 오늘날의 자기계발서들이 앞다투어 다루고 있는 ‘끌어당김의 법칙’에 대해서도 1960년대에 이미 법칙의 작동 원리에 대해서 상세히 설명하기도 했다. 이러한 놀라운 통찰력으로 쏟아낸 세스의 메시지는 불교와 양자물리학에도 지대한 영향을 미쳤다.이 책을 읽는 독자들도 세스의 지식을 통해 “세상을 보는 새로운 관점”과 “삶을 충만하게 살아갈 혜안”을 얻을 수 있을 것이다."
위대한 선물,스베덴보리,"국내도서
 > 
종교
 > 
종교일반
 > 
종교이야기",9.78899E+12,"스웨덴 태생의 신비적 신학자 스베덴보리의 『위대한 선물』. 47세에 심력적 체험을 겪은 후 하늘의 소명을 받고 신비적 신학자로 전향하여 27년간 영계를 자유롭게 오가며 지옥과 천국을 체험한 저자의 기록을 담아낸 것이다. 그중에서도 감동적인 천국 체험기를 중점적으로 다룬다. 삶과 죽음, 그리고 사후 세계의 비밀을 공개하고 있다. 천국에 가는 방법뿐 아니라, 자살을 해서는 안 되는 이유 등에 대해서도 구체적으로 가르쳐준다. 가난, 외로움, 장애 등으로 인해 고통을 겪고 있는 사람들에게는 희망을 전달하고 있다. 양장본."
내 안의 엑스터시를 찾아서,성해영,"국내도서
 > 
종교
 > 
종교일반
 > 
종교이야기",9.79119E+12,"인류 지성사에서 가장 오래 사랑받는 세계 종교의 핵심 메시지들! 종교문해력 총서 그 첫 번째 책 『내 안의 엑스터시를 찾아서』
“어제까지 내가 알던 종교는 죽었다!”플라톤의 에로스부터 ‘무종교의 종교’까지엑스터시를 갈망하는 종교의 여정 탐구종교란 무엇일까? 천국이나 극락 등 사후 세계의 안녕을 파는 장사일까? 아니면 ‘종교는 인민의 아편이다’라는 마르크스의 표현처럼 진정한 행복이나 괴로움의 해방이 아닌 일시적인 위안에 불과한 것일까? 그렇다면 종교는 우리에게 필요 없는 현상일까? 이 책은 이런 물음들에 관한 가장 적절한 해답이다.  서울대 종교학과 교수인 저자는 종교의 정의와 세계관, 현대 사회의 다양한 종교 현상, 종교의 세 가지 위안, 종교를 넘어선 종교 등 종교의 어제와 오늘 그리고 미래에 관한 설명을 ‘엑스터시’로 접근한다. 특히 ‘내 밖에(eks) 선다(stasi)’는 의미의 고대 그리스어(?kstasis)에서 유래한 ‘엑스터시(ecstasy)’에서 종교의 의미와 가치를 탐색한다. 일상생활 이면에 우리가 아직 모르는 ‘그 무엇이 있다’는 종교계의 주장을 종교심리학과 신비주의 비교 연구의 핵심 개념인 ‘엑스터시’로 파고드는 것. 이를 통해 저자는 ‘내 밖에(eks) 서는(stasi)’ 경험이 실제로 가능한지, 내 밖에 서게 되면 어떤 일이 벌어질지, 만약 내가 나를 벗어났을 때도 ‘나’라고 불릴 수 있을지 등등 여러 질문에 관한 해답을 찾아간다. 이 책은 이제까지 우리가 알았던 종교를 색다르게 바라보는 안목을 열어준다. 저자는 기도, 믿음, 헌금과 보시 등 흔히 떠올리는 종교의 연관 검색어를 거부한다. 대신 좀처럼 종교와 어울리지 않는 단어들로 종교의 의미와 가치를 발견해 낸다. 플라톤의 에로스 철학과 신비주의, 황홀경으로 해석하는 엑스터시, 무종교의 종교, 종교를 믿지 않지만 영적인 삶을 추구하는 SBNR(Spiritual But Not Religious) 등 새로운 개념과 단어들로 종교의 매력을 탐구하는 역설은 우리의 지적 욕구를 자극한다. 『내 안의 엑스터시를 찾아서』는 ‘믿음’이 아닌 ‘이해’의 측면에서 종교를 바라보고 종교 감수성을 높이는 ‘종교문해력 총서’의 첫 번째 책이다. 불교, 기독교, 이슬람교, 원불교 등 수많은 종교가 공존하는 사회를 살아가기 위한 필독 입문서로서, 우리가 종교의 의미를 찾는 데 탁월한 길라잡이가 될 것이다."
예수아 채널링,파멜라 크리베,"국내도서
 > 
종교
 > 
종교일반
 > 
종교이야기",9.78894E+12,"[예수아 채널링]은 지성과 영성을 두루 갖춘 네덜란드의 한 여성이  내면에서 아주 특별한 (우리에겐 ‘예수’로 알려진) 에너지/의식과  접촉하고 받아적기 시작한 기록들이다.  이 채널링은 초반엔 개인적으로, 이후엔 대중 앞에서  공개적으로 이루어졌으며 인터넷을 통해 전 세계의 독자들을 사로잡아  현재는 20개 이상의 언어로 번역되어 있다."
시대의 요청,도슨 트로트맨,"국내도서
 > 
종교
 > 
종교일반
 > 
종교학이론",9.78894E+12,『시대의 요청』은 우리의 하나님께서 우주를 주관하고 계신 것을 믿고 그 영광을 인정하는 것이 이 시대의 요청임을 일깨우는 소책자이다.
람타(화이트 북),제이지 나이트,"국내도서
 > 
종교
 > 
종교일반
 > 
종교철학",9.789E+12,"람타가 자신의 메시지를 전달하기 위해 선택한 유일한 채널인 제니지 나이트의 『람타 _ 화이트 북』. 3만 5천년 전에 살았던 고대 전사이자 정복자이며 초탈한 마스터인 람타의 삶과 가르침을 채널링을 통해 제이지 나이트가 기록한 것이다. 시간과 공간, 그리고 육체가 지닌 한계를 초월하는 법을 알려주고 있다."
가득 찼어도 텅 빈 듯이,최성준,"국내도서
 > 
종교
 > 
가톨릭
 > 
가톨릭신앙생활",9.78894E+12,"동양철학과 그리스도교 사상을 잇는 흥미로운 책이다. 동양철학을 전공한 가톨릭 사제가 동양 고전의 유명한 구절이나 고사성어를 소개하고, 그것을 바탕으로 일상에서 생각해 볼 거리들을 이야기로 풀어낸다. 옛 성현들의 가르침을 깊게 숙고하면서 따뜻하고 친절하게 삶의 지혜를 전해 주고 있다. 동양의 여러 덕목과 그리스도교의 핵심 주제를 연결하여 하느님을 향해 가는 이들에게 새로운 길을 제시한다."
너무 늦기 전에 들어야 할 카르마 강의,최준식,"국내도서
 > 
시/에세이
 > 
테마에세이
 > 
명상/치유에세이",9.78893E+12,"종교학자 최준식 교수의 ‘너무 늦기 전에 들어야 할 인생 강의’!우리를 행복과 성장으로 인도하는 카르마 법칙에 관하여
하루하루 풀리지 않는 미움과 갈등으로 불행하다면, 예기치 못한 질병과 장애로 괴롭다면, 사랑하는 사람을 잃고 상실의 슬픔에 빠졌다면, 인생의 방향을 잃었다고 느낀다면, 카르마에 그 해법이 있다. 삶과 죽음을 넘어 나에게 일어나는 일을 이해하고 인생에서 풀어야 할 과제를 깨닫기 위해 꼭 필요한 공부. 카르마의 증거와 원리, 이유와 작동법, 전생과 내생의 비밀까지. 종교학자 최준식 교수의 너무 늦기 전에 들어야 할 인생 강의 3탄. 카르마를 알면 인생은 언제든 바꿀 수 있다."
문명으로 읽는 종교 이야기,홍익희,"국내도서
 > 
종교
 > 
종교일반
 > 
종교사",9.79116E+12,"종교를 떼놓고 인간과 문명을 말할 수 있는가종교를 통해 인류 문명의 빅 히스토리를 꿰는 흥미로운 지적 체험
베스트셀러 《세 종교 이야기》에서 유대교, 이슬람교, 기독교, 이른바 아브라함의 종교를 다루면서 세계사의 흐름과 종교 분쟁의 근원을 짚어낸 저자 홍익희가 인류 문명의 더 넓은 바다에서 세계 종교를 통찰한 《문명으로 읽는 종교 이야기》로 돌아왔다. 문명의 발생, 축의 시대를 형성한 종교의 탄생, 제국들의 흥망과 함께한 종교의 역사가 한 권에 담겨 ‘종교적 인간’은 어떤 존재인지, 종교가 말하는 진리와 평화는 어디에 있는지 돌아보게 한다."
야코부스 아르미니우스 전집 1,야코부스 아르미니우스,"국내도서
 > 
종교
 > 
종교일반
 > 
종교철학",9.78896E+12,N/A
의식 지도 해설,데이비드 호킨스,"국내도서
 > 
인문
 > 
심리학
 > 
교양심리",9.79117E+12,"데이비드 호킨스 공식 입문서한 권으로 읽는 ‘의식 탐구 이론’의 정수
“진정한 영적 진보의 사다리를 올라가는 모든 영적 열망자에게 이 책을 추천합니다.”- 스와미 치다트마난다(인도 친마야미션의 힌두교 수도승)정신과 의사이자 세계적으로 추앙받는 영적 지도자 데이비드 호킨스 박사의 『의식 지도 해설』(원제: THE MAP OF CONSCIOUSNESS EXPLAINED)이 판미동에서 출간되었다. 이 책은 호킨스 박사가 세상을 떠나기 전 2012년에 직접 승인하여 기획된 ‘필수 입문서’다. 의식 연구의 핵심 개념인 ‘의식 지도’를 중심으로 『의식 혁명』부터 『놓아 버림』에 이르기까지 모든 저서를 아우르며, 호킨스 박사가 전 생애에 걸쳐 전하고자 한 가르침의 핵심을 체계화하여 한 권의 책으로 담아냈다. 더불어, 그간 접하기 어려웠던 저자의 강연과 비공식 대화에서 중요 내용을 발췌하여 넣고, ‘스터디 그룹 질문’과 ‘용어 해설’ 등을 추가하여 명확하게 이해할 수 있도록 했다. 의식 연구의 정수만 모아 쉽게 정리한 『의식 지도 해설』은 호킨스 박사를 처음 접하는 독자에게는 친절한 입문서가 되어 줄 것이고, 오랜 독자들에게는 그 가르침을 더욱 명료하게 이해할 수 있는 유익한 요약서가 되어 줄 것이다."
람타 현실 창조를 위한 입문서,아이커넥 편집부,"국내도서
 > 
종교
 > 
그외종교
 > 
그외종교",9.789E+12,"미국 여성 제이지 나이트를 유일한 채널로 사용하는 람타의 가르침을 배우는 『람타 현실 창조를 위한 입문서』. 3만 5천년 전에 살았던 고대 전사이자 정복자이며 초탈한 마스터인 람타와의 대화, 강의 내용을 녹취한 것을 바탕으로 써내려가고 있다. 람타가 사용한 말을 고스란히 옮겨 생동감이 넘친다."
사랑 사용법,맷 칸,"국내도서
 > 
종교
 > 
종교일반
 > 
종교이야기",9.78894E+12,"『사랑 사용법』은 사랑할 수 없는 것을 사랑하라고 강요하지 않는다. 어떤 일이 일어나든 그것을 사랑하라 그럴 수 없다는 거부감이 일어난다면, 바로 그 생각부터 가슴으로 껴안아주라. 사랑에 자신을 온전히 내맡기는 순간, 우리는 즉각적인 치유를 경험하게 된다. 수록된 스무 개의 치유 만트라를 틈틈이 되뇌는 것만으로도, 당신은 사랑의 즉각적인 치유력을 생생히 경험하게 될 것이다."
신지학,루돌프 슈타이너,"국내도서
 > 
인문
 > 
인문교양총서
 > 
인문교양총서일반",9.78899E+12,"인간의 영적 본질의 핵심에 관련된 문제를 다루는 『신지학』. 이 말은 수세기에 걸쳐 그런 관점에서 사용되어 왔다. 이 책은 신지학적 세계를 묘사하고 있으며, 눈과 귀와 오성으로 세계를 하나의 사실로 받아들이는 것과 똑같은 의미에서 사실만을 다뤘다."
우주 리듬을 타라,"Chopra, Deepak","국내도서
 > 
종교
 > 
종교일반
 > 
종교이야기",9.78899E+12,"세계적 영성가 디팩 초프라가 들려주는 『우주 리듬을 타라』. 이 책은 ‘자기가 누군지 모른다’는 우리 자신의 문제를 드러내고, ‘자기가 누군지를 기억’해 냄으로써 그 문제의 답을 찾아가고, ‘자기가 누군지를 실제로 경험하기’ 위해서 몇 가지 연습을 해보는 장들로 구성되어 있다."
데이비드 호킨스의 365일 명상,데이비드 호킨스,"국내도서
 > 
인문
 > 
심리학
 > 
교양심리",9.79117E+12,"하루에 한 문장,영적 스승의 지혜를 읽다
세계적인 영적 지도자 데이비드 호킨스 박사의 가르침을 담은 명상 잠언집 『데이비드 호킨스의 365일 명상』(원제: Daily Reflections from Dr. David R. Hawkins)이 판미동에서 출간되었다. 25개국 100만 부 이상 판매된 『의식 혁명』 『놓아 버림』 등 기존 10여 권의 저서에서 366개(윤일 포함) 구절을 엄선하여 하루에 하나씩 읽어 나갈 수 있게 구성된 책이다. 삶의 방향을 설정하는 데 영감을 주는 짧은 문장들, 그리고 집중을 돕는 50여 장의 아름다운 사진을 담아 누구나 손쉽게 명상에 잠길 수 있다. 이 책은 호킨스 박사의 가르침을 접해 왔던 기존 독자들은 물론 처음 접하는 독자들까지도 늘 곁에 두고 날마다 읽어 가며 동기를 부여받을 수 있는 성찰의 지침서가 되어 줄 것이다."
데이비드 호킨스의 지혜,데이비드 호킨스,"국내도서
 > 
인문
 > 
심리학
 > 
교양심리",9.79117E+12,"“세계적인 영적 지도자 호킨스 박사에게서 나온? 유일무이하고 경이로운 가르침들의 보고”하버드 대학,?옥스퍼드 포럼,?웨스트민스터 사원···??위대한 강의를 육성으로 만나다!
세계적인 영적 지도자 데이비드 호킨스 박사의 대표적인 가르침을 담은 강연집?『데이비드 호킨스의 지혜』(원제: The Wisdom from Dr. David R. Hawkins)가 판미동에서 출간되었다.?호킨스 박사는?25개 언어로 번역되어?100만 부 이상 판매된?『의식 혁명』 『놓아 버림』의 저자이자,?각계각층을 대상으로 영적 메시지를 전하는 강연자로도 활발하게 활동했다.?이 책에는 하버드 대학,?옥스퍼드 포럼,?웨스트민스터 사원 등지에서 했던 수백 시간의 강의 가운데 엄선한?10가지 핵심 주제(의식 수준,?치유,?항복,?영적 수행 등)가 실려 있다.?생생한 현장의 분위기를 살려 입말을 그대로 옮겼으며,?폭넓은 가르침들을 보다 단순하고 명쾌하게 정리할 수 있도록 체계적으로 구성했다.?진정한 깨달음을 추구하고자 하는 초심자가 알아두어야 할 기본적인 영적 개념들부터 더 높은 수준의 깨달음을 위해 필요한 자질까지 골고루 담아,?책을 읽어 나가다 보면 누구든 호킨스 박사의 가르침에 깊이 감화될 수 있을 것이다."
성서의 역사,존 바턴,"국내도서
 > 
종교
 > 
종교일반
 > 
종교사",9.79119E+12,"“성서의 생애를 이만큼 매력 있게 소개한 책은 없었다!”* 옥스퍼드대학교 학자이자 성공회 사제가 쓴 역사상 가장 영향력 있는 책의 문학사* 폴 로저 더프 쿠퍼 상, 〈가디언〉 올해 최고의 책, 〈선데이 타임스〉 올해의 책, 〈옵저버〉 올해의 책
서구 역사와 문화에 절대적 영향을 끼친 책, 범접할 수 없는 세계 최고의 베스트셀러이자 스테디셀러인 책, 유대교와 기독교 전통의 가장 고귀한 경전으로 추앙받는 책, 하지만 자세히 들여다보면 정체성이 모호하고 불분명한 책, 바로 ‘성서’다. 히브리 내러티브부터 율법과 지혜서, 선지서, 시와 시편, 복음서와 서신서에 이르기까지 서로 다른 장르의 저작들은 누구에 의해 어떻게 작성되었고, 어떻게 정경이 되었으며, 어떻게 모이고 배포되고 해석되었고, 어떤 영향을 미쳤는지 추적하여 성서와 성서가 제시하는 믿음의 역사를 새롭게 조명한다. ‘1부 구약’에서는 구약 성서의 책들이 형체를 갖추기 시작한 기원전 8세기부터 거의 모든 책이 완성된 알렉산드로스 대왕 시대에 이르기까지 고대 이스라엘의 역사와 언어를 고찰하고, 히브리 성서의 주요 장르인 산문 내러티브, 율법과 지혜, 예언, 시와 시편의 고유한 특성과 주제에 관하여 상세히 설명한다. ‘2부 신약’에서는 다양한 사회 종교 그룹이 존재하던 유대교 세계에서 기독교가 등장한 역사적 배경을 추적하고, 이 새로운 종교가 남긴 텍스트인 서신서와 복음서에 관하여 각 책의 저자와 기록 시기, 염두에 둔 독자 등을 고찰하면서 허다한 이론이 있지만 정작 우리가 아는 것은 거의 없다는 점을 강조한다. ‘3부 성서와 그 텍스트들’에서는 기원후 4세기부터 열린 여러 공의회에서 성서에 포함할 책과 제외할 책이 결정되었다는 세간의 생각과 믿음을 반박하는 한편, 필사자들의 손을 거쳐 성서 본문이 전달되어 온 과정을 살펴본다. ‘4부 성서의 의미’에서는 성서 전체를 아우르는 주제나 의미를 규정하려는 시도들을 고찰하고, 서로 영향을 주고받으면서 별개의 해석 체계를 형성해 온 유대교와 기독교의 해석 전통이 랍비와 교부의 시대, 중세 시대, 종교개혁 시대, 계몽주의 시대를 거치며 각각 어떻게 변화했는지 살펴보는 한편, 히브리 성서를 그리스어로 번역한 기원전 3세기부터 현재에 이르기까지 성서 번역의 역사와 해석 논쟁을 다룬다. 마지막 결론에서는 성서를 고찰하는 일이 신앙을 기름지게도 하고 고민을 안겨 주기도 한다는 점을 지적하면서 성서와 신앙의 관계를 되짚어 본다."
나의 스승 레이디 마스터 펄,피터 마운트 샤스타,"국내도서
 > 
종교
 > 
종교일반
 > 
종교이야기",9.7912E+12,"“펄은 그저 정원을 가꾸고 과일 통조림을 만들거나 저녁에 남편이 신문을 읽을 때엔 뜨개질을 하는 할머니처럼 보였습니다.”
하지만, 동시에 그녀는 지혜의 위대한 마스터들의 대리인이었으며, 대사들이 그녀에게 보낸 많은 이들의 가슴 안에 그리스도 의식을 직접적인 의식전이를 통해 일깨워 주었습니다. 이전에 갓프리 레이 킹(Unveiled Mysteries의 저자이자 세인트 저메인 재단의 설립자)의 비서로 일한 그녀는 1939년 갓프리의 상승 당시에 함께 있었으며 그 일이 있은 후 재단에서 나와 마스터 세인트 저메인의 직접적인 인도 아래 일하게 되었습니다.세인트 저메인은 후에 I AM 현존(아트만)과 연결하는 방법과 그 신적 현존을 일상 속으로 불러오는 것을 가르치기 위해 그의 학생들을 펄에게 보냈습니다. 그녀는 세상으로 나가 자신의 가르침을 선전하거나 홍보하지도 않았고 금전적인 요구도 하지 않았지만, 세월이 흐르면서 12,000여 명이 넘는 사람들이 마치 자석에 이끌린 듯 찾아왔습니다."
세계종교 둘러보기,오강남,"국내도서
 > 
종교
 > 
종교일반
 > 
종교이야기",9.78893E+12,"『세계종교 둘러보기』는 인류사에 큰 자취를 남겼으며 현재에도 영향력을 발휘하는 세계 종교 중에서 12개를 고르고 소개한 책이다. 힌두교, 불교, 자이나교와 시크교, 유교, 도교, 신도, 조로아스터교, 유대교, 그리스도교, 이슬람교, 동학 등 12개 종교들의 발생과 기원, 특징과 교리를 상세하게 설명한다."
수험생을 위한 100일 기도,김종국,"국내도서
 > 
종교
 > 
가톨릭
 > 
가톨릭기도/묵상",9.78898E+12,『수험생을 위한 100일 기도』는 수험생 부모들이 개인으로 뿐만 아니라 본당에서 함께 모여 기도할 수 있도록 구성된 책이다.
수능 100일 기도 노트,가톨릭출판사 편집부,"국내도서
 > 
종교
 > 
가톨릭
 > 
가톨릭기도/묵상",9.78893E+12,"수능 D-100, 수험생 자녀를 위해 100일 동안 부모가 작성하는 기도 노트!
매년 날씨가 매서워질 때쯤, 대학수학능력시험을 치른다. 대한민국 교육 현장은 이 수능 시험에 초점을 맞추고 있다고 해도 과언이 아닐 터이다. 수험생들은 이렇게 중요한 시험을 오랜 시간 준비하면서 절박해진다. 부모 역시 마찬가지다. 그래서 수능 시험이 다가오면 많은 학부모가 성당에 나와 100일 기도를 바치곤 한다. 부모가 자녀를 위해 할 수 있는 것이 이제 기도밖에 없기 때문이다. 가톨릭출판사에서는 수험생 가족이 중요한 시기를 잘 보낼 수 있도록 《수능 100일 기도 노트》를 출간했다. 이 노트는 수능 시험이 다가오는 100일 동안 하느님께 은총을 청하며 매일 묵상하고 기도할 수 있도록 구성되었다. 또한 매일 수험생을 응원하는 짧은 편지를 작성할 수 있어 바쁜 삶 속에서도 수험생을 기억하도록 도움을 준다. 특별히 이전처럼 성당을 자유롭게 오가기 어려운 상황에서 홀로 기도하는 부모에게는 이 노트가 주님을 만나는 데 꼭 알맞은 도구가 될 것이다. 아무것도 걱정하지 마십시오. 어떠한 경우에든 감사하는 마음으로 기도하고 간구하며 여러분의 소원을 하느님께 아뢰십시오. 그러면 사람의 모든 이해를 뛰어넘는 하느님의 평화가 여러분의 마음과 생각을 그리스도 예수님 안에서 지켜 줄 것입니다.- 필리 4,6-7"
칠극,판토하,"국내도서
 > 
인문
 > 
인문학일반
 > 
인문교양",9.78893E+12,"“훌륭한 이치와 오묘한 뜻으로 눈과 마음을 깨우다”서양의 천주교와 동양의 유학이 만나 탄생한 인생 수양서18세기 조선 지식인들의 사랑을 받으며 서학 열풍을 일으킨 《칠극》을 우리 시대 대표 고전학자 정민 교수의 번역과 해설로 만난다. 교만ㆍ질투ㆍ탐욕ㆍ분노ㆍ식탐ㆍ음란ㆍ나태의 인간을 둘러싼 7가지 병든 마음과, 이를 치유하는 겸손ㆍ사랑ㆍ관용ㆍ인내ㆍ절제ㆍ정결ㆍ근면의 7가지 처방. 아리스토텔레스ㆍ소크라테스ㆍ세네카ㆍ아우구스티노ㆍ프란치스코 등 서양 성인들의 잠언부터 《성경》 《이솝 우화》, 유가 경전과 중국 고전까지. 동서양을 가로지르며 다양한 일화와 예시로 풀어내 천주교 신앙이 동양 사회에 스며드는 데 결정적 역할을 한 책."
"궁금해요, 기도!",인만희,"국내도서
 > 
종교
 > 
가톨릭
 > 
가톨릭기도/묵상",9.78893E+12,"신앙생활을 하는 사람이면 누구나 한 번쯤은 해보았을 법한 기도에 관한 질문과 고민을 단순하고 명쾌하게 풀어주면서 독자를 잔잔히 위로하는 책
기도는 하고 싶은데 막막하신가요···?“기도할 때 자꾸 분심이 드는데 어떻게 하면 좋을까요?” “기도할 때 자꾸만 졸음이 쏟아져요.”“묵주기도를 할 때 습관적으로 기도문을 외우고 있어요.”“미사가 지루하게 느껴져요.”“고해성사에 대한 부담감에서 벗어나는 방법이 있을까요?”일선에서 오랫동안 피정 지도를 해온 저자는 깊은 기도 생활을 통해 얻은 영적 통찰을 바탕으로, 신앙생활을 하는 사람이면 누구나 한 번쯤은 해보았을 법한 기도에 관한 질문과 고민을 모아 단순하고 명쾌하게 풀어준다. 기도의 형식이나 방법을 알려주는 책이라기보다, 맘먹은 대로 기도가 되지 않아 끙끙대고 있는 이에게 ‘뜻밖의 위로’를 선사하는 다정한 책이다. 책 첫머리에서 저자는 자기 자신만의 기도를 찾으려면 먼저 하느님과 사랑에 빠져야 한다고 힘주어 말한다. 이 책은 어떻게 하면 그분과 사랑에 빠질 수 있는지 귀띔해 주고, 기도를 자칫 의무나 ‘일’로 여기지 않도록 도와주며, 기도와 신앙생활의 쇄신을 꿈꾸는 이에게도 좋은 길잡이가 될 것이다.하느님은 우리 삶에 깃든 어둠의 이유를 낱낱이 밝혀주시지는 않아도, 우리와 매 순간 함께하시는 현존으로 응답하신다. 「궁금해요, 기도!」는 우리가 무의식중에 내쉬는 한숨 소리까지도 다 알아들으시는 선하신 그분과의 만남으로 초대하는 책이다."
마지막 나의 말,김도연,"국내도서
 > 
종교
 > 
가톨릭
 > 
가톨릭신앙생활",9.79117E+12,"“내 사랑과 현존을 알리는 대비의 책이다.”“이 책은 나의 말을 담았고 중요한 지침서이다.귀중한 말이며 너희에게 생명을 주는 책이다.”
2023년, 하느님께서 온 세상에 말씀을 내리셨다. 그 말씀은 지금 우리에게 주시는 기회와 구원의 선물을 받아들이고 깨어 준비하라는 경고의 말씀이시다.하느님의 고통, 그리고 마지막 때의 세상에 관한 말씀을 듣는 것은 큰 두려움을 마주하는 것이며 아픈 일이다. 그러나 이 모든 하느님의 말씀은 진리이며 영원한 생명을 위한 우리의 양식이다.주님께서는 이 글을 통해 앞으로 다가올 환난과 고통, 시험에 대한 경고를 내리셨고 그 말씀과 함께 극복할 수 있는 힘과 지침을 알려주셨다. 지금 우리에게 필요한 것과 구원의 비밀을 숨기지 않으시고 모두 밝혀주신 마지막 말씀이시다.하느님의 말씀과 뜻을 그대로 받아들이며 다르게 해석하지 말아야 할 것이다.마지막 주님의 말씀이 세상에 나왔고 하느님의 역사는 시작되었다.그 시간은 다시 되돌릴 수 없이 흘러갈 것이며 우리가 하루하루를 더욱 소중히 살아가야 할 이유이기도 하다."
침묵의 성모,에밀리아노 안테누치,"국내도서
 > 
종교
 > 
가톨릭
 > 
가톨릭기도/묵상",9.78898E+12,"침묵, 주님의 마음을 헤아리는 가장 좋은 길
침묵하면, 주님이 가장 원하시는 것, 가장 좋아하시는 것을 알아차릴 수 있습니다. 그런데 침묵하기가 쉽지 않습니다. 바쁜 세상에서 살아가고 있는 우리는, 가만히 고요 속에 머물 시간을 마련하기도 어렵고, 겨우 시간이 생긴다 해도 이미 수많은 볼거리, 들을 거리, 생각거리들로 가득 찬 머리와 감각적인 자극에 익숙해진 마음은 좀처럼 차분해지지 않습니다. ‘침묵의 성모’ 성화는 그렇게 침묵하기 어려워하는 우리를 침묵의 길로 초대합니다.손가락으로 입술을 가리켜 조용히 기도하라고 초대하시는 ‘침묵의 성모’와 함께 기도해보세요."
가득 찼어도 텅 빈 듯이,최성준,"국내도서
 > 
종교
 > 
가톨릭
 > 
가톨릭신앙생활",9.78894E+12,"동양철학과 그리스도교 사상을 잇는 흥미로운 책이다. 동양철학을 전공한 가톨릭 사제가 동양 고전의 유명한 구절이나 고사성어를 소개하고, 그것을 바탕으로 일상에서 생각해 볼 거리들을 이야기로 풀어낸다. 옛 성현들의 가르침을 깊게 숙고하면서 따뜻하고 친절하게 삶의 지혜를 전해 주고 있다. 동양의 여러 덕목과 그리스도교의 핵심 주제를 연결하여 하느님을 향해 가는 이들에게 새로운 길을 제시한다."
알렉산드리아의 사자,장필리프 파브르,"국내도서
 > 
종교
 > 
가톨릭
 > 
가톨릭일반",9.78893E+12,"예루살렘의 평범한 소년,예수님의 생애를 담은 최초의 복음서를 쓰다!복음서의 탄생 비밀을 담은 전기 소설
소년 요한은 예루살렘 겟세마니에서 올리브 농장을 운영하는 어머니와 단둘이 살고 있었다. 어느 날, 평범했던 그의 삶을 뒤바꾸는 사건이 벌어진다. 키드론 골짜기에서 병사들에게 붙잡혀 가는 예수님과 눈이 마주친 요한은 걸치고 있던 아마포를 벗어 던지고 벌거숭이로 도망친다. 이 사건은 요한에게 깊은 상처를 남겼고, 절망 속에서 그는 예수님의 제자 안드레아와 베드로를 만나며 새로운 길을 걷게 된다.《알렉산드리아의 사자》는 마르코 복음사가의 생애와 그가 복음서를 쓰게 된 경위를 소설로 풀어 낸 작품이다. 프랑스의 성서학자이자 교수로서 유튜브 등 소셜네트워크에서 활발하게 활동하고 있는 장필리프 파브르 신부가 저술한 이 소설은 성경과 전승을 바탕으로 상상력을 더해 마르코 복음사가의 이야기를 흥미롭게 전개해 나간다. 이 책을 통해 독자들은 복음을 선포하기 위하여 예루살렘부터 이집트 알렉산드리아, 로마에 이르기까지 지중해를 넘나드는 마르코의 모험에 함께할 수 있을 것이다."
성경(4*6판 2단 금장색인)(무지퍼)(BB6 BH) (250130),한국천주교주교회의 편집부,"국내도서
 > 
종교
 > 
가톨릭
 > 
가톨릭성서",9.78897E+12,- 언어 : 한글- 구성 : 갈색 / 단본 / 색인 / 금장 / 무지퍼- 크기 : 130 * 190 * 40
자녀 축복 노트,가톨릭출판사 편집부,"국내도서
 > 
종교
 > 
가톨릭
 > 
가톨릭기도/묵상",9.78893E+12,"자녀의 앞날을 밝히는 100일간의 축복 노트
자녀를 사랑으로 축복해 줄 수 있다는 것, 그 사실만으로도 하느님께서 허락하신 큰 축복이다. 하지만 바쁜 일상을 살아가다 보면, 자녀를 사랑하는 마음을 매 순간 표현하고 매일 자녀를 위해 기도한다는 것이 그리 쉽지만은 않을 것이다. 그래서 가톨릭출판사에서는 자녀와 함께하는 소중한 이 시간을 따뜻한 축복으로 가득 채우고 싶은 부모들을 위해 《자녀 축복 노트》를 출간했다. 이 노트는 100일 동안 자녀를 위해 마음 깊이 묵상하고, 정성을 다해 기도하며, 자녀를 위해 실천한 일을 기록할 수 있도록 구성되었다. 사랑하는 자녀를 떠올리며 하루 한 장씩 채워 가다 보면, 주님의 축복 안에서 자녀와 더욱 가까워지는 시간이 될 것이다. 하루를 마무리하며 일기처럼 가볍게 써도 좋고, 입시나 취업 준비 등 중요한 시기를 보내는 자녀를 위해 특별한 지향을 두고 작성해도 좋다. 어여쁜 자녀를 주신 주님께 감사드리며, 자녀의 앞날에 ‘축복’이라는 최고의 선물을 준비해 보길 바란다.은총의 주님, 저의 자녀를 축복하시어 주님 사랑 안에서 소중한 꿈을 펼치게 하소서.또한 오늘 당신께 드리는 저의 기도가 자녀의 앞날에 큰 힘과 위로가 되게 하소서.- 본문 중에서"
준주성범,토마스 아 켐피스,"국내도서
 > 
종교
 > 
가톨릭
 > 
가톨릭신앙생활",9.78893E+12,"성경 다음으로 그리스도인들에게가장 많이 사랑받은 책, 《준주성범》
그리스도교의 가장 대표적인 고전 《준주성범》은 하느님 곁에 항상 머무르며 그분의 마음에 드는 사람이 되고자 하는 사람들을 위한 책이다. 내적, 외적 생활에서 하느님을 본받아 자신을 정돈하고 다듬는 방법, 세속을 떠나 하느님만을 섬기는 기쁨, 예수님만을 사랑해야 하는 이유, 성체를 빠짐없이 영해야 하는 이유 등이 담겨 있기 때문이다. 이 책을 늘 곁에 두며 매일매일 그 가르침을 묵상하고 따른다면 어디에서나 우리 가까이 계시는 하느님을 느낄 수 있을 것이다. 아기 예수의 데레사 성녀(소화 데레사 성녀)는 《준주성범》을 항상 몸에 지니고 다니며, 거의 다 외웠다고 한다. 가톨릭 신자는 물론, 개신교 신자까지, 종파를 뛰어넘어 그리스도인들의 대표적인 생활 규범이 된 이 책이 가톨릭 클래식 시리즈로 출간되었다. 세련되고 현대적인 디자인, 고급스러움을 더한 양장 제본, 보기 쉬운 문체로 새롭게 탄생한 《준주성범》을 늘 곁에 두고 읽으며 고전에서만 찾을 수 있는 묘미를 느끼길 바란다."
하느님과 과학에 대한 101가지 질문,스테프 브라이언트,"국내도서
 > 
종교
 > 
가톨릭
 > 
어린이가톨릭",9.78893E+12,"호기심 가득한 어린이들의 ‘하느님과 과학에 대한 101가지’ 질문과 최고 전문가들의 재치 있는 대답!
이 책은 호기심 가득한 어린이들이 하느님과 과학에 대해 질문한 101가지 물음에 과학, 철학, 신학, 심리학 등 각 분야 최고 전문가들이 재치 있게 대답한 어린이 과학 도서다. ‘하느님이 모든 것을 만드셨다면 하느님은 누가 만들었나요?’, ‘삶의 의미는 무엇인가요?’, ‘성경에는 왜 외계인이 나오지 않을까요?’, ‘인간이 진화했다면 어떻게 하느님이 인간을 만드실 수 있죠?’, ‘로봇이 사람처럼 사랑에 빠지거나 신앙을 가질 수 있나요?’, ‘과학이 하느님의 존재를 증명할 수 있나요?’, ‘과학과 신앙 중에 어떤 것이 더 중요한가요?’와 같이 창조, 우주, 지구, 환경, 진화, 인공 지능 등에 대한 기상천외하고도 진지한 질문이 독자의 관심을 끈다. 데이비드 윌킨슨, 프랜시스 콜린스, 캐서린 헤이호, 사이먼 콘웨이 모리스, 톰 셰익스피어 등 영미권 각 분야의 최고 전문가 70명이 아이들의 눈높이에 맞추어 전문적인 답변을 해주었다. 다양한 주제에 이끌려 책을 읽다 보면 과학과 신앙이 갖는 각기 다른 역할과 중요성을 깨닫고 과학과 신앙에 대한 성숙하고 균형 있는 시각을 갖게 될 것이다. 특히 과학에 관심이 많은 어린이, 하느님과 과학에 대해 궁금한 것이 너무 많은 어린이는 물론, 아이들의 폭풍 질문에 난처한 경험을 해본 학부모, 교리교사, 사목자들에게 강력 추천한다."
찬미받으소서,프란치스코 교황,"국내도서
 > 
종교
 > 
가톨릭
 > 
가톨릭일반",9.78897E+12,"「찬미받으소서」 특별 기념의 해(2020년 5월 24일-2021년 5월 24일)를 맞아, 한국천주교중앙협의회는, 2015년 9월에 초판(제1판)을 펴낸 우리말 번역에 대하여 다양한 의견을 수렴하고 새롭게 다듬어 「찬미받으소서」(Laudato Si’) 개정판(제2판)을 발행하였습니다.프란치스코 교황께서는, 2015년 5월 24일 하느님께서 창조하신 모든 피조물과 더불어 살아가는 ‘공동의 집’, 지구를 돌보는 것에 관한 회칙 「찬미받으소서」를 반포하시어 세상에 큰 반향을 일으키셨습니다.코로나 바이러스 감염증-19의 세계적 유행 시기에, 생태적 회개와 실천의 밑바탕이 되는 회칙 「찬미받으소서」의 예언적 메시지는 그 어느 때보다 더욱 중요해 보입니다. 회칙의 우리말 개정판은, 배려와 형제애와 평화가 넘쳐흐르는 지속 가능한 세상을 향한 공동 여정에서, 가톨릭 신자들뿐만 아니라 이 땅에 살고 있는 모든 사람에게 영적 도덕적 방향과 지침을 제공하는 나침반이 될 것입니다."
의사 선우경식,이충렬,"국내도서
 > 
시/에세이
 > 
나라별 에세이
 > 
한국에세이",9.79117E+12,"‘의사’라는 직업에 하느님이 주신 소명은 무엇인가? ‘가난한 환자들에게는 모든 것이 무료’ 요셉의원 설립자, 선우경식 요셉의원 원장의 삶과 영성, 내면세계를 담아낸 걸작!
영등포의 화려한 쇼핑몰 거리 옆의 쪽방촌 입구, 그곳에는 가난한 환자들에게 모든 것이 무료인 병원 요셉의원이 있다. 이곳이 만들어지는 데 큰 역할을 한 사람이 바로 ‘쪽방촌의 성자’로 불리는 선우경식 원장이다. 그는 미국 대형병원의 전문의, 한국의 의대 교수 자리를 모두 버리고 평생을 가난한 환자들을 위해 봉사했다. 의사 면허를 받은 이후부터 의사라는 직업의 소명이 무엇인지를 고민하고, 그 소명을 실행하기 위해 노력했다. 이 책은 전기 문학으로 유명한 이충렬 작가가 수천 페이지에 이르는 각종 자료를 검토하고, 많은 사람들을 직접 만나 인터뷰해 써낸 의사 선우경식의 공식전기이자 유일한 전기다. 평생을 가난하고 아픈 사람들을 위해 살다 간 우리 시대의 성자, 선우경식의 삶과 영성, 내면세계를 이충렬 작가의 생생한 붓끝으로 만나보자!"
맛있는 복음밥2,이용현,"국내도서
 > 
종교
 > 
가톨릭
 > 
가톨릭기도/묵상",9.79119E+12,"매일 복음으로 갓지은 맛있는 복음밥, 말씀을 묵상하고 실천할 수 있게 돕는 영적 요리책.
‘맛있는 복음밥2’에는 복음밥 신부의 240520 ‘교회의 어머니 복되신 동정 마리아’ 기념일부터241130 ‘성 안드레아 사도 축일’까지의 복음 묵상글이 담겨있습니다.①매일미사매일미사의 말씀을 읽고, 말씀을 묵상하고, 기도하며 신앙의 양식인 복음밥을 지을 준비를 합니다.②맛있는 복음밥복음밥 신부가 지은 ‘맛있는 복음밥’을 맛보세요. 매일미사 묵상글이 담겨 있습니다.③나만의 복음밥나만의 ‘레시피’와 ‘신앙의 고명’을 얹어 직접 묵상글을 써 보며 나만의 복음밥을 지어 보세요."
자녀 축복 노트,가톨릭출판사 편집부,"국내도서
 > 
종교
 > 
가톨릭
 > 
가톨릭기도/묵상",9.78893E+12,"자녀를 위한 간절한 기도,하느님의 은총을 청하는 특별한 100일
많은 부모가 자녀를 보며 ‘우리 아이에게 어떻게 하면 힘이 될 수 있을까?’ 하고 고민하거나, 자신의 넘치는 사랑을 어떻게 온전히 전해야 할지 몰라 어려움을 겪곤 한다. 부모라는 가정 내 역할에 관해 누구에게 제대로 배워 본 적도 없고, 또 그 역할에 따르는 임무 수행이 처음이기에 고충을 호소하는 일이 당연할 수밖에 없다. 이러한 어려움을 딛고 자녀를 바르게 키워 내기 위해서는 반드시 하느님께 도움을 청해야 한다. 좋은 부모가 되게 해 달라고, 자녀가 건강히 자라도록 도와달라고 하느님의 은총을 청하며 기도해야 하는 것이다.이처럼 기도가 낯선 이들에게 도움을 주는 《자녀 축복 노트- 자녀를 위한 하느님의 은총을 청하는 100일》이 출간되었다. 2020년 처음 선보였던 《자녀 축복 노트》에 관한 독자들의 긍정적인 반응을 바탕으로, 사랑하는 자녀를 떠올리며 매일 꾸준히 기도하는 습관을 만들어 가는 데 도움을 주기 위해 새로운 모습으로 재탄생했다. ‘하느님의 은총’이라는 주제 아래 풍성하고 다채로운 묵상 글을 엮었을 뿐 아니라, 세련되고 진중한 분위기의 노트 디자인은 하루의 시작과 끝에 차분히 마음을 가라앉히고 노트를 작성하도록 이끌어 준다. 특히 튼튼하고 견고한 제본 방식을 적용해 언제든 편하게 노트 작성에 임할 수 있을 뿐 아니라 오래도록 간직할 수 있는 특징이 돋보인다. 매일 노트를 쓰며 하느님께서 우리에게 주시는 은총을 묵상하고 자녀를 위해 기도해 보자. 하느님의 사랑이 온 가족과 함께하고 있음을 깨닫게 될 것이다.자애로우신 주님, 저희 자녀를 생각하시어 은총을 내려주시고 주님 사랑 안에서 건강히 살아가게 하소서.- 본문 중에서"
엄마는 순례길 딸은 여행길,박지현,"국내도서
 > 
종교
 > 
가톨릭
 > 
가톨릭일반",9.78893E+12,"엄마와 딸이 운명 공동체가 되어 떠난 이탈리아!평소에 매우 다르고 멀게 느껴졌던 모녀가 무모하게 떠난 여행길에서 서로에 대한 이해를 통해 묶인 매듭을 풀고 관계를 회복하는 값진 선물을 얻는다.  ▶  내용어쩌면 우린 이 시간을 그리워했는지도 몰라방송작가, 수필가, 강사 활동 등으로 바쁘게 살아온 엄마와 번아웃을 마주하고 인생의 터닝 포인트에 선 딸이 처음으로 함께 이탈리아로 떠났다. 로마, 아시시, 피렌체, 밀라노 등에 머물며 엄마와 딸은 17일간 공동 운명체로 지내야 했다.말다툼으로 시작한 여행이 우아하게 대화를 나누는 사이로 거듭나며각자가 품어왔던 오해가 풀리고 서로의 참모습을 발견한다.또한 퍼즐 맞추기를 하듯 서로에 대한 이해의 조각들이 자기 자리를 찾아가는 은총의 순간도 경험한다.순간순간 체감했던 하느님과 성모님의 현존, 일상의 소중함을 다시 발견한 기쁨, 주님 안에서 서로의 다름을 인정하고 각자의 고유함을 받아들이게 된 깨달음을 통해 가장 가까우면서도 가장 먼 사이가 되기 쉬운 모녀 관계를 어떻게 치유하고 회복하는지 엄마와 딸이 함께 솔직담백하게 보여준다. 한 번쯤 가볼까 하는 그 마음을 갖는 것부터가 시작! 순례길로 시작해 여행을 즐긴 엄마와 여행길로 시작해 하느님을 만난 딸이 함께 엮은 이 책이 엄마와 딸뿐만 아니라 가족과의 관계를 더 견고하게 하고 싶은 이들에게 도전하는 용기와 희망을 줄 것이다."
가톨릭 신앙 입문: 화란 새 교리서,네덜란드 주교회의,"국내도서
 > 
종교
 > 
가톨릭
 > 
가톨릭교리",9.78898E+12,"인간 실존과 광범한 인생 문제에 파고들어 대화하는 교회현대인과 그리스도의 대화를 지향한 ‘화란 새 교리서’를 다시 만나다
제2차 바티칸 공의회 직후인 1966년 네덜란드 주교회의는 공의회에서 천명한 쇄신에 충실히 응답하려는 시도로 교리서 한 권을 펴냈다. De Nieuwe Katechismus, 곧 ‘새 교리서’였다. 우리나라에서는 1971년 광주가톨릭대학교에서 이 책을 옮겨 《가톨릭 신앙 입문: 화란 새 교리서》라는 이름으로 출간했다. 교리서가 표방한 새로움은 신앙 내용의 새로움이 아니라 접근법과 관점의 새로움이었다. 시대에 따라 사람들의 사고방식과 생활양식이 변하듯, 새 교리서는 그리스도교 신앙을 우리 시대에 알맞게 소개하고 당대의 문제와 요구에 답하려 노력했다.새 교리서는 네덜란드 주교회의의 인준을 받기 전부터 여러 나라 출판사에서 문의가 쇄도하며 각광을 받았지만, 출간 즉시 논쟁을 불러일으켰다. 몇몇 내용이 교회 가르침과 다르게 오해될 소지가 있었기 때문이다. 이를 문제 삼아 교리서 유포를 금지해 달라는 요청까지 나오자, 교황청은 추기경 위원회를 구성해 이 문제를 토론했다. 위원회는 1968년 12월 성명서를 내고 네덜란드 주교회의에 10가지 주제에 수정을 요청했다. 주교회의는 위원회의 수정 권고와 그 내용을 부록으로 첨부해 1969년 교리서를 다시 펴냈고, 한국어판은 이를 옮긴 것이다.《가톨릭 신앙 입문: 화란 새 교리서》는 우리에게 익숙한 문답식 교리서의 틀을 벗어난, 구세사 중심의 대화식 교리서이다. 구원 역사가 기록된 성경을 바탕으로, 하느님께서 왜 인간 역사 안으로 들어오셨는지, 왜 이스라엘을 선택하셨는지, 사람의 아들을 통해 어떤 구원 역사를 펼치셨는지, 우리 일상 안에서 어떻게 하느님을 만나고 그분 뜻대로 살아갈 수 있는지를 다루며, 계시 진리와 인간 실존의 만남을 추구한다. 가르치는 교회에서 대화하는 교회, 더 나아가 듣는 교회로 쇄신하려는 제2차 바티칸 공의회의 정신이 이 교리서 안에 생생히 살아 있다.역자는 교리교육을 전공한 교육학 박사로서 이 교리서의 절판을 무척 안타까워했다. 또한 당시 광주가톨릭대학교 교수 신부들과 신학생들이 참여한 초판 번역이 충실하고 훌륭했기에 수정 증보판을 내기로 했다. 《성경》과 공의회 문헌, 전례문 등은 근래의 것으로 바꿨고, 틀린 부분은 바로잡았다. 초판 번역을 존중하되, 지금 독자가 이해하기에 난해하거나 예스러운 표현은 원문을 참고해 오늘날 언어로 고쳤다. 친절한 교리서에 목말랐던 이들은 이 책을 통해 우리 존재와 인생 안에서 구체적으로 현존하고 활동하시는 하느님을 만날 수 있을 것이다."
수험생을 위한 100일 은총성경쓰기,생활성서사 편집부,"국내도서
 > 
종교
 > 
가톨릭
 > 
가톨릭일반",9.78898E+12,"수험생을 위한 100일 은총 성경 쓰기
수험생 자녀를 응원하는가장 좋은 방법!우리는 누구나 인생의 크고 작은 시험을 마주한다. 그중 특히 오랜 시간 노력을 기울여 준비해야 하는 중요한 시험을 앞뒀을 때는, 시험을 치르는 본인뿐 아니라 이를 곁에서 지켜보는 부모, 형제, 가까운 지인의 마음도 초조하고 힘겹다. 『수험생을 위한 100일 은총 성경 쓰기』는 수험생을 곁에 둔 이들이 수험생을 묵묵히, 그리고 지혜롭게 응원하는 방법이다. 은총과 지혜의 원천인 성경을 필사하며 수험생의 여정에 동참하면 우리의 삶 깊숙이 와닿는 주님의 은총을 느끼며, 그 안에서 온 가족이 하나 되는 체험을 할 수 있을 것이다."
모든 일에는 때가 있다,조앤 치티스터,"국내도서
 > 
종교
 > 
가톨릭
 > 
가톨릭신앙생활",9.78893E+12,"이전과 완전히 다른 삶으로의 초대,세계적인 영성가가 전하는 ‘인생의 16가지 순간’
가족 관계, 연애 문제, 사업 문제, 취직 문제 등으로 우리는 여러 가지 일들을 겪곤 한다. 그러다 보면 하는 일이 잘되지 않을 때도 있다. 그럴 때 많은 사람들이 자신이 내린 잘못된 선택들에 대해서 자책하며 이렇게 말하곤 한다. ‘아, 그때 그렇게 하지 않았으면 어땠을까?’ 하고 말이다. 그리고 심할 때는 그 시간을 인생에서 도려내고 싶어 하기도 한다. 한편으론 ‘지금 잘 살고 있는 걸까?’라는 생각을 문득 할 때도 있다. 열심히 살고 있다는 것은 분명한데, 열심히 산다는 것만으로는 대답이 되지 않는 질문이다. 그렇기에 ‘그래도 괜찮게 살았을 거야.’ 하고 스스로를 위안하며 그 질문을 머릿속에서 지워 버리고 만다. 분명 내 삶에 새로운 가능성을 주는 중요한 질문임에도 말이다. 이러한 때 우리에게 소중한 깨달음을 줄 수 있는 책이 바로 가톨릭출판사에서 출간된 《모든 일에는 때가 있다》이다. 《모든 일에는 때가 있다》는 2017년에 출간되어 현재까지도 수많은 사람들에게 사랑받고 있는 스테디셀러다. 이 책을 고급스러운 양장으로 바꾸고 디자인을 전면 수정하여 이번에 리커버 에디션으로 새로 개정하였다."
초역 부처의 말,코이케 류노스케,"국내도서
 > 
인문
 > 
인문학일반
 > 
인문교양",9.79119E+12,"현대어로 재해석된 부처의 말
인내심을 가져라.모든 것은 적당한 때에결국, 네게 올 테니.언젠가 너는 네가 있어야 할 곳에서 너와 함께할 운명인 사람과 네가 해야 할 일을 하며 살게 될 것이다.「부처」2500년 동안 사람들에게 사랑받으며 회자되어 온 부처의 말을 코이케 류노스케 스님이 현대어로 재해석해 책으로 출간했다. 간결하게 축약된 핵심만을 담은 부처의 메시지는, 마음이 약해지고 어려움에 처한 사람들에게 힘과 용기를 불어넣어 준다. 부처의 말이 간결하듯 이 책의 기획 의도 역시 매우 단순하다. 저자는 서문에 독자들이 이 책을 손에 들고 어디를 펼치더라도 그곳에 적힌 부처의 말이 스르륵 마음을 물들이고, 어느 순간 그 속에서 기분 좋은 바람이 일어나 더 좋은 방향으로 이끌어 주길 바란다고 썼다.독일의 철학자인 쇼펜하우어는 동양의 철학에 깊이 매혹되었던 철학자이다. 그는 젊은 시절부터 동양 철학을 읽는 것에 집중했고 부처의 말들에서 인생의 해답을 찾을 수 있다고 말했다. 세계적인 배우 키아누 리브스 역시, 부처의 가르침을 되새기며 생활하는 것으로 유명하다. 부처의 말은 그가 커다란 시련에 직면할 때마다 큰 힘이 됐다. 12개의 주제로 묶인 190가지 부처의 말을 담은 이 책은 복잡한 세상살이에 지친 현대인을 위로하는 동시에 꼭 필요한 삶의 지혜를 전해 준다."
석가모니 인생수업: 석가모니가 세상에 남긴 삶의 지혜,석가모니,"국내도서
 > 
인문
 > 
인문학일반
 > 
인문교양",9.79119E+12,"『석가모니 인생수업: 석가모니가 세상에 남긴 삶의 지혜』는 석가모니의 가르침을 쉽게 접근하고 이해할 수 있는 방법을 제공하며, 석가모니의 가르침을 바탕으로 한 다양한 주제들을 현대적으로 다룬 책이다."
우리는 늘 바라는 대로 이루고 있다,김원수,"국내도서
 > 
종교
 > 
불교
 > 
불교일반",9.7912E+12,"[우리는 늘 바라는 대로 이루고 있다]는 불교의 선지식에 대해 다룬 책이다. 종교의 참뜻에 대해서 고민하고, 나름의 답을 내놓았다. 금강경을 바탕으로 어떻게 현실에 적용할지 구체적으로 제시하며, 풍요와 양성과 바른 인재의 길로 인도한다."
금강반야바라밀경(한글사경본)(사철노출제본),대한불교조계종교육원,"국내도서
 > 
종교
 > 
불교
 > 
불교경전",9.79116E+12,"조계종 표준 《금강반야바라밀경 한글사경본》이제 펼침성 좋은 사철 노출 제본으로 만나보세요
대한불교조계종이 《금강경》을 쉽게 사경하고, 경전에 담긴 내용을 정확히 이해할 수 있도록 돕기 위해 구성한 책이다. 《조계종 표준 금강반야바라밀경》의 저본으로는 현재 가장 널리 유통되고 있는 구마라집 역본 《금강경》을 선택하고, 판본으로는 고려대장경 판본을 선정했다. 하지만 판본 대조 결과 고려대장경 판본과 여타 대장경 판본 간에 일치하지 않는 부분이 발견되었다. 이에 따라 여러 대장경 판본을 대상으로 세심한 대교 작업을 실시하여 여덟 군데의 자구를 수정해 조계종 표준 한글본을 완성했다.이미 시중에는 많은 한글 《금강경》이 유통되고 있지만 이들 번역본은 모두 개인적 차원에서 번역된 것이어서 종단 표준본으로 삼기에는 여러 가지 문제가 있었다. 새로 편찬된 《조계종 표준 금강반야바라밀경》은 범어 전문가, 한문 전문가, 교학 전문가들이 한자리에 모여 21차에 걸친 편찬실무회의를 통해 공동으로 완성했다. *이 책은 사철노출제본 방식으로 제작된 도서입니다."
헬로 민다나오,이원주,"국내도서
 > 
종교
 > 
불교
 > 
불교이야기",9.79119E+12,"분쟁의섬 민다나오를 평화의 땅으로 일군모자이크붓다, 이원주회고록
지은이 이원주가 국제NGO JTS(JoinTogether Society) 필리핀 대표로 20년 넘게 활동하면서 겪었던 에피소드를 중심으로 국제구호 활동가 후배들에게 전하는 조언, 필리핀에서 사업을 하면서 경험하고 터득한 이야기 등을 담았다. JTS필리핀 활동을 백서 형식으로 정리한 책인《JTSPHILIPPINES20TheGreatnessofSpirit-분쟁의땅에평화를심다》(2023년 12월 발간)에서전하지못했던뒷이야기들이풍성하게담겨있다.《헬로민다나오》는 지은이 이원주의 칠십 년 인생 회고록이면서 동시에 내전으로 고통받고 있던 분쟁의 땅 민다나오를 어떻게 평화의 땅으로 일구는지 보여주는 인류애의 증거이다."
다정한 마음이 채운 한 그릇,심전일운,"국내도서
 > 
종교
 > 
불교
 > 
불교이야기",9.79116E+12,"사찰음식의 대가 불영사 일운 큰스님의몸을 채우고 마음을 깨우는 ‘마음밥상 마음챙김’ 에세이
사찰음식을 대중에게 알리는 데 누구보다 앞장서온 불영사 일운 스님이 이번에는 우리가 일상에서 매일 마주하는 밥상을 통해 몸을 채우고 마음을 깨우는 ‘마음밥상 마음챙김’ 에세이를 펴냈다. ‘음식을 먹는 일이 곧 수행’임을 깨달아가는 이번 여정에서, 스님은 무엇을 먹어야 건강할 수 있는가가 아닌, 어떻게 먹어야 우리 삶을 좀 더 풍요롭게 만들 수 있는가를 ‘살피고, 채우고, 비우고, 깨우고, 나누는’ 일상의 모든 순간에서 함께 생각하고 고민해나간다. 1991년부터 천년고찰 울진 불영사에서 자연과 함께 살아가고 있는 일운 스님은 몸과 마음을 살리는 사찰음식을 지역 축제와 연결해서 대중들에게 널리 알리는 한편, 2024년 올해로 14년째 매일 아침 1만 5천 명의 회원들에게 명상편지를 띄워 우리를 깨어 있는 삶으로 안내해주고 있다."
팔정도,비구 보디,"국내도서
 > 
종교
 > 
불교
 > 
불교철학/사상",9.78899E+12,N/A
법구경 마음공부,정운,"국내도서
 > 
인문
 > 
인문학일반
 > 
인문교양",9.79117E+12,"부처님께서 직접 하신 말씀을 모은 경전 《법구경》!전 세계에서 가장 많이 읽힌 불경에서 건져 올린걱정 많은 삶을 평온하게 바꾸는 법
한국인에게 큰 존경을 받는 법정 스님은 ‘우리의 진정한 마음은 비어 있는 상태이며, 무엇인가 채워져 있으면 본마음이 아니’라고 말씀했다. 이는 내면의 부정적인 감정을 잘 다스릴 줄 알아야 행복한 삶을 살 수 있다는 의미이다. 그러나 매일 갖가지 소음에 둘러싸인 채 끊임없이 타인과 나를 비교하고, 하나라도 더 가지길 바라는 현대인에게 이는 몹시 어려운 일이다. 우리는 매일 자신을 괴롭히는 생각에 사로잡혀 살아간다. 어떻게 해야 고통의 굴레에서 벗어나 평온한 마음을 되찾을 수 있을까? 이에 대한 답을 누구나 쉽게 이해하도록 전하는 경전이 바로 《법구경》이다. 부처님께서 살아생전 설법하신 내용을 423개의 시로 전하는 《법구경》은 전 세계에서 가장 많이 읽힌 불경이기도 하다. 《법구경》은 번뇌로 고통받는 중생들에게 ‘과거도, 미래도 아닌 오직 현재에 집중하며 살아가라’라고 말한다. 난생 처음 만난 것처럼 세상을 대하고, 고정관념에 휩싸이지 않으며, 순간순간 내 감정을 투명하게 바라보라는 말이다. 있는 그대로 자신과 세상을 바라볼 때 문제의 근본적인 원인을 해결하고, 인생과 마음이 편안해질 수 있다. 스님 가르치는 스님!경전 연구가 정운 스님이 전하는 명쾌한 해설《법구경 마음공부》는 약 40년 전 출가한 이래로 평생을 경전 연구에 몰두한 정운 스님이 《법구경》의 가르침 중 우리 삶에 직접 도움이 되는 말씀만을 골라 담은 책이다. 단순히 경전의 내용을 그대로 옮긴 것이 아니라 《법구경》의 지혜를 누구나 쉽게 이해할 수 있도록 현대적인 시선에서 자세히 해설하였다. 오직 목표만을 바라보며 치열하게 사는 이들은 자신의 마음 깊숙이 자리 잡은 상처, 두려움, 외로움, 분노 등을 알아차리기 쉽지 않다. 꼭 불교 신자가 아니더라도 이 책과 함께 자신의 마음을 들여다본다면 복잡하게 얽힌 마음의 실타래를 풀고 평온을 되찾을 수 있을 것이다. 모든 순간을 분별하지 않고 자연스럽게 두되, 흐름에 휩쓸리지 않고 나 자신을 굳건하게 지키며 살아가는 《법구경》의 지혜를 자연스럽게 체득하길 바란다."
인간 붓다,이중표,"국내도서
 > 
종교
 > 
불교
 > 
불교일반",9.79117E+12,"지금 이 시대, 왜 인간 붓다인가고타마 싯다르타가 겪은 고뇌와 갈등은이 시대를 살아가는 우리의 고통과 다르지 않다그가 체득한 괴로움의 치유법과 삶의 지혜는혼란으로 가득 찬 현대 사회 속에서 더욱 빛을 발한다
신격화된 붓다의 베일을 걷어낼 때 비로소 인간 붓다는 모습을 드러낸다. 경전 속 붓다의 삶은 신비로운 만능의 존재가 아닌, 우리처럼 괴로움과 고군분투하면서 이를 극복하는 과정을 보여준다.붓다의 가르침은 우리에게 내면의 평화를 찾고, 자연과 조화로운 삶을 살고, 타인을 이해하며 자비를 베푸는 방법을 알려준다. 붓다의 인간적인 면모는 현대인들이 삶의 길을 찾는 데 큰 이정표가 될 것이다. 지금 '인간 붓다'를 읽어야 하는 이유가 여기에 있다.“오늘날 우리에게 필요한 붓다는 신격화된 붓다가 아니라, 우리와 똑같은 몸으로 세상을 살다 간 인간 붓다이다. 필자는 붓다의 참모습과 바른 가르침을 모아 불경을 편찬하는 작업을 하면서 이 책을 통해 인간 붓다의 모습을 찾아 정리했다.” - 저자의 말 중에서"
법륜 스님의 반야심경 강의,법륜,"국내도서
 > 
종교
 > 
불교
 > 
불교경전",9.79119E+12,"괴로움에서 벗어나 자유와 행복을 얻는 법 불교의 핵심사상을 대중 눈높이로 풀어낸 역작!『법륜 스님의 반야심경 강의』출간
불교의 대표적인 경전인 『반야심경』은 260자의 짧은 글이지만 불교의 중심 사상이 다 들어있다. 그래서 불교 신자들이라면 모두 애송하고 대부분의 법회에서 독송하는 경전이다. 수많은 독자들이 1995년 출간되었던 법륜 스님의 『반야심경 이야기』를 읽고 불교의 깊이 있는 내용을 알기 쉽게 설명해 주어 놀라움 그 자체라고 경탄한 바 있다. 2022년 6월, 완전히 새롭게 출간된 『법륜 스님의 반야심경 강의』는 불교를 전혀 모르는 사람들도 이해할 수 있을 만큼 심오한 불교 사상을 체계적이고 과학적으로 더욱더 쉽고 명쾌하게 풀어냈다. 부처님 말씀이 이렇게 이해하기 쉬운 것이었다는 점에 누구나 놀라게 될 것이다. 그리고 2600년 전, 부처님이 괴로움의 원인이 ‘마음’에 있다는 것과 그 괴로움을 해결하는 방법을 완벽히 제시해 주었다는 데 깊이깊이 경탄할 것이다."
티벳사자의 서,파드마 삼바바,"국내도서
 > 
종교
 > 
불교
 > 
티벳불교",9.78894E+12,"의식 저편의 마음을 깨닫게 하는 불서
이 책의 가르침은 한마디로 ""살아 있는 어떤 것도 개별화된 실체를 갖지 않으며, 오직 마음만이 실재한다'는 것이다. 마음과 세계는 분리되어 있지 않으며, 이 세계는 마음의 결과이며 마음 없이는 세계도 없다. 그러므로, 소우주적인 마음에 근거한 온갖 환영과 유혹에서 벗어나 '벌거벗은' 상태의 자기 마음을 앎으로써 자기 너머의 자기에 도달할 수 있다는 것이다.무엇보다도 이 책의 탁월한 점은, 깨달음의 상태인 한마음에 이르게 되면 우리가 보고 듣고 경험하는 이 모든 상태들이 환영이며 윤회계의 신기루에 지나지 않는다는 불교의 세계관을 알기 쉽게 설명한다는 점이다. 독자들은 이제까지 우리가 스스로 정확하다고 생각했던 지식들이, 실재에 관한 지식이 아니라 변화무쌍하고 덧없는 환영에 관한 지식임을 알게 될 것이다. 그것들은 실체를 가진 것이 아니라 우리의 무의식 세계가 필쳐 보이는 환상의 그림자에 지나지 않는다. 나아가 삶과 죽음도 우리의 환영이고, 모습도 색깔도, 우리의 마음까지도 실체 없는 환영의 세계이다. 이 책이 우리에게 일깨우는 진리는 바로 그 환영의 세계를 속히 깨달으라는 것이다."
한글 아미타경,김현준,"국내도서
 > 
종교
 > 
불교
 > 
불교경전",9.79119E+12,"역경승 구마라집 삼장이 한문으로 번역한 『불설 아미타경』을 불교신행연구원 김현준 원장이 편안하게 읽을 수 있도록 한글로 번역하고, 부록으로 아미타신앙과 기도법에 대해 강설한 책.
이 책은 아주 큰 활자로 만든 한글 번역본으로, 극락과 아미타불에 대한 설명, 아미타경 독송법과 아미타불 염불법을 함께 실어, 기도에 도움이 되도록 하였다. 사찰에서 대중들이 함께 독송할 때 또는 집에서 혼자 독송할 때 활자가 커서 읽기가 매우 수월하다.이 아미타경을 독송하면 아미타불의 한량없는 가피가 저절로 찾아들어, 부모 및 자신의 극락왕생, 집안의 평안, 업장소멸을 비롯한 갖가지 소원을 쉽게 성취할 수 있다고 한다. 또한 아미타불의 무량한 빛과 무량한 수명 속에서 입시 등 각종 시험의 합격을 원할 때, 개업 및 사업의 번창을 바랄 때, 각종 재난ㆍ시비ㆍ구설수 등을 소멸시키고자 할 때, 악몽ㆍ공포ㆍ귀신의 장애 극복, 자녀의 건강 등을 기원할 때 독송하면 매우 좋다.부록 제1장 〈극락과 아미타불〉에서는 아미타경의 주요내용을 먼저 정리한 다음, 아미타불은 어떠한 부처님이며 그 가피를 입으면 어떻게 되는지? 극락은 어떠한 세계이며 누가 극락에 왕생하게 되는지? 극락에 왕생한 이가 누리는 행복이 무엇인지에 대해 요약해 놓았다. 그리고 흔히들 아미타경을 죽은 다음의 내생을 위한 경전으로 생각하지만, 아미타경을 읽고 염불을 하면 현생에서도 큰 복과 극락의 삶을 누릴 수 있으며, 마침내는 성불이 보장된다는 것을 일깨워주고 있다.부록 제2장 〈아미타경의 독송과 염불법〉에서는, 먼저 아미타경 독송 방법을 경전을 읽기 전과 경전을 읽을 때로 나누어 상세히 설명한 다음, 독송기간과 횟수에 대해 이야기하고 있다. 그리고 ‘염불법’에서는 염불의 뜻풀이와 함께, 나무아미타불의 명호를 입으로 외우는 칭명염불의 요령과 아미타불을 생각하고 관하는 법에 대해 밝혀 놓았다. 이 부록을 읽고 아미타경을 독송하고 염불을 하게되면 더욱 기도에 효과가 있음을 느끼게 한다.이 책과 함께 휴대하기 좋은 사이즈로 만든 『아미타경』(아름다운 우리말 경전 9/국반판/100쪽), 아미타불 명호를 전통적인 5회염불법에 준하여 쓸 수 있도록 한 『아미타불 명호 사경』(4×6배판/160쪽), 1책으로 아미타경을 7번 사경할 수 있게 만든 『아미타경 한글 사경』(4×6배판/112쪽)과 도 발간하였다."
큰활자본 지장경,김현준,"국내도서
 > 
종교
 > 
불교
 > 
불교경전",9.78899E+12,『큰활자본 지장경』은 《지장경》과 《지장보살예찬문》을 큰글자로 엮어 누구나 지장기도를 잘 행할 수 있게끔 하였다.
법륜스님의 금강경 강의,법륜,"국내도서
 > 
종교
 > 
불교
 > 
불교경전",9.78899E+12,"금강경을 법륜스님의 언어로 다시 읽는다!
평화와 화해의 메시지를 전하는 평화운동가 법륜스님이 『법륜스님의 금강경 강의』. 언제나 현대인이 이해하기 쉽게 깨달음과 수행에 대해 이야기하는 쉽고 명쾌한 법문으로 잘 알려진 저자가, 대승불교를 대표하는 경전으로서 선종에서는 육조 혜능 대사 이후 소의경전으로 중시되는 《금강경》을 강의하고 있다. 저자가 《금강경》을 주제로 설파한 법문을 모으고 간추리고 다듬은 것이다. 《반야심경》과 더불어 대중에게 널리 독송되지만 독특한 전개 방식과 사상 깊이 때문에 뜻을 이해하기에는 어려움이 많은 《금강경》에 가깝게 다가서서 열반과 해탈에 이르는 바른 가르침을 얻도록 이끈다. 저자가 2002년부터 1000여 회가 넘게 진행해 성별, 나이, 종교, 이념을 뛰어 넘은 국민의 멘토로 활동하게 한 즉문즉설의 해답의 기준이 바로 《금강경》임을 알 수 있다.
수보리의 질문과 그에 대한 부처님의 대답으로 이루어진 《금강경》을 구마라습 대사가 번역한 한문본과 용성진종 조사가 번역한 한글본을 사용하여 저자 특유의 명쾌한 화법으로 알기 쉽게 풀이하고 있다. 부처님이 자신처럼 모든 진리와 지혜를 깨쳐 완전한 행복과 자유를 얻을 수 있는지를 묻는 수보리에게 가르쳐주신 깨달음의 길을 읽는데 그치지 말고 온전히 내 것으로 삼도록 이끈다."
인생의 괴로움과 깨달음,강성용,"국내도서
 > 
종교
 > 
불교
 > 
불교선/깨달음",9.79119E+12,"인류 지성사에서 가장 오래 사랑받는 세계 종교의 핵심 메시지들! 종교문해력 총서 그 두 번째 책 『인생의 괴로움과 깨달음』“고생해서 고생이 사라지면 고생이 없겠네!”까르마·사성제·팔정도·12연기·윤회의 색다른 해석당신이 이제껏 믿어온 ‘불교’를 신박하게 뒤집다
이제껏 우리가 ‘불교’라고 믿어온 종교를 신박하게 뒤집었다! 사성제와 팔정도, 연기법, 까르마(업)와 윤회 등 불교의 핵심 개념들에 덧씌워진 각색을 걷어내고 붓다의 진짜 목소리에 다가간다. 그래서 이 책은 역사적으로 실존했던 ‘붓다’가 마주했던 인생의 괴로움과 깨달음을 탐색하는 추적기이기도 하다. 바로 ‘믿음’이 아닌 ‘이해’의 측면에서 종교를 바라보고 종교 감수성을 높이는 ‘종교문해력 총서’의 두 번째 책 『인생의 괴로움과 깨달음』이다. 인도 철학을 전공한 서울대 아시아연구소 남아시아센터장인 저자는 경제 유튜브 삼프로 TV에서 인도 고대사는 물론 현재의 정치·경제·사회·문화를 알린 국내 대표 인도 전문가이다. 저자는 이 책에서 고대 인도의 전통, 언어, 문화, 종교 그리고 사상사 맥락 안에서 정리되고 재구성된 붓다의 이야기 이면에 숨어 있는 붓다의 목소리를 추적한다. 그 과정에서 불교의 출발점을 만든 인물인 붓다가 자신의 시대에 무슨 고민을 했고, 당시 사상가들과 다르게 어떤 발상의 전환으로 해답을 찾았는지 탐색한다. 그리고 붓다의 고민과 해답이 우리에게 던지는 메시지를 간결하게 정리해 준다. 이 책은 새롭고 놀랍다. 저자의 해석이 신박하다. 누구나 한 번쯤 들었을 법한 붓다의 가르침이 온전히 붓다 자신이 고안한 이론은 아니었다는 신선함을 선사한다. 업(業)이라고 번역하는 까르마와 법(法)으로 번역하는 다르마, 한국인의 뇌리에 깊이 각인된 윤회 등이 고대 인도의 제사와 수행 전통에서 비롯된 개념이라는 사실을 논리적으로 밝혀낸다. 반면 당시의 지배적인 사상적 혹은 종교적 흐름인 ‘쉬라마나(?rama?a, 沙門) 전통’을 혁신적으로 전환한 인물이 붓다라는 점을 강조한다. 『인생의 괴로움과 깨달음』은 2,500여 년 전 ‘고생의 연속인 인생에서 어떻게 고생을 없앨까?’라는 붓다의 고민이 우리의 고민과 다르지 않다는 점을 깨닫게 한다. 피할 수도 없는 고생을 붓다는 어떤 깨달음으로 해답을 찾았을까? ‘인생은 고생’이라는 단순한 명제를 풀고 싶다면 이 책은 해답으로 가는 가장 확실한 디딤돌이 되어 줄 것이다."
이제서야 이해되는 반야심경,원영,"국내도서
 > 
종교
 > 
불교
 > 
불교경전",9.79119E+12,"갑자기 어떻게 살아야 할지 모르겠다면『반야심경』 공부하기에 더할 나위 없이 좋은 때
전 세계 불자들에게 있어 가장 자주 접하고 익숙한 경전을 꼽아보라고 한다면 대부분의 사람이 『반야심경(般若心經)』을 대답할 것이다. 어느 나라에서나 법회 때마다, 혹는 불교식 행사가 있을 때마다 빠지지 않고 독송할 뿐만 아니라 54구 260자의 한자로 이루어진 짧은 경전이기 때문에 전문을 암기하는 사람도 흔히 볼 수 있다.그렇지만 경전의 내용이 익숙하다고 해서 그 안에 담긴 가르침이 쉬운 것은 아니다. 불교 사상 가운데에서도 가장 오해하기 쉬운 ‘공(空)’의 가르침을 담고 있는 것이 바로 『반야심경』이기 때문이다. ‘공’의 시각으로 ‘나’와 이 세상의 실상을 파헤쳐 보여주고, 이를 통해 이분법적 사고에 물든 우리의 습성에서 벗어난다면 영원한 행복, 바로 깨달음의 세계에 이를 수 있다는 가르침이 담겨 있다. 전작 『이제서야 이해되는 불교』를 통해 불교의 핵심 가르침을 친절하게 알려주었던 원영 스님이 이번에는 『반야심경』을 누구나 쉽게 읽고 이해할 수 있도록 풀어내었다. 어려운 용어 대신 일상의 언어로, 난해한 설명 대신 공감 가는 예시와 경험담으로 친근하게 풀었기 때문에 술술 읽히면서도 단박에 이해할 수 있도록 하였다. 이를 통해 인생의 길을 잃고 헤매일 때, 괴롭거나 슬픈 순간을 마주했을 때 어떤 마음으로 살아가야 할지에 대해 정확히 알 수 있을 것이다."
성자와 범부가 함께 읽는 금강경,김원수,"국내도서
 > 
종교
 > 
불교
 > 
불교경전",9.7912E+12,"1997년 첫 발간 이후 꾸준히 사랑받아온 스테디셀러 『성자와 범부가 함께 읽는 금강경』 2024년 개정판. 세상의 행복과 깨달음을 동시에 얻는 필독서입니다.평범하고 쉬운 범부의 언어로 알려주는 성자의 지혜. 바로 옆에서 속삭이듯 따듯하고 자상한 김원수 법사의 해설로 기초부터 심화까지, 부처님 가르침에 빠져들어 갑니다.범부를 성자로, 재앙을 축복으로. 무소유의 불자에서 큰 부자 불자로, 많은 사람을 먹여 살리는 유능하고 적극적인 불자로. 운명을 바꾸는 유일한 가르침, 금강경 실천 수행. 누구나 이 책을 읽고 지금 바로 실천할 수 있습니다."
"붓다, 직설과 미술",청화 강소연,"국내도서
 > 
종교
 > 
불교
 > 
불교일반",9.79119E+12,"‘존재의 고통’ 깨부순 붓다의 생애 추적기8대 성지에 숨겨진 ‘진리의 발자국’을 쫓아라!
그럴 때가 있다. 선택의 연속이라는 인생에서 방향 잡기가 곤란할 때, 같은 길을 먼저 갔던 이들의 선택을 참고하면 술술 풀리는 경우가 있다. 수십 억의 사람들은 그 숫자만큼 저마다의 고민들을 안고 산다. 하지만 놀랍게도(?) 한 가지 고민은 똑같다. ‘(내) 인생은 왜 이렇게 고통스러울까?’세계종교를 탄생시킨 한 인물의 고민도 우리와 다를 게 없었다. 붓다 역시 인생이 고통스러운 이유를 고민하고 사유했다. 우리와 다른 점은 한 가지. 고민 끝에 답을 찾았고, 그 방향으로 인생을 살아갔다. 맞다. 붓다는 자기 자신의 인생을 통틀어 온 마음을 다해 ‘존재=고통’이라는 등호를 깨부순 인물이다. 붓다의 생애는 ‘고(苦)’라는 실존적 문제를 풀기 위한 여정이라고 해도 지나친 말이 아니다. 붓다는 ‘존재는 곧 고통’이라는 진리를 고성제(苦聖諦)로 밝히고 그 해결책을 찾았다. 그리고 고통 속에 있는 우리를 위해 평생토록 자신이 찾은 방법을 알렸다. 도대체 그는 어떤 방법으로 이 고민을 풀고 자유를 얻었을까? 친절하고 알기 쉬운 청화 강소연 교수의 해설을 따라 가보자.  붓다의 생애는 ‘존재의 고통’을 해결하는 여정이다. 불교경전으로만 이해하려고 하면 더 혼란스럽다. 하지만 어렵게만 다가오는 붓다의 가르침과 생애를 명작 미술로 읽는다면? 머리로만 이해하지 않고 성지의 유물과 아름다운 불상, 그리고 감동적인 스토리가 새겨진 조각으로 이해한다면 이야기는 달라진다. 글로만 배웠던 붓다의 가르침과 생애가 입체적으로 뇌리에 각인된다. 『삶이 고(苦)일 때 붓다, 직설과 미술』은 경전으로만 만나던 붓다의 가르침과 생애를 명작과 곁들여 읽는 진짜 8대 성지 이야기다. 책은 룸비니, 보드가야, 사르나트, 슈라바스티, 산카샤, 라지기르, 바이샬리, 쿠시나가르 등 8대 성지에서 실제 어떤 일들이 일어났는지, 그곳에서 붓다가 전한 가르침은 무엇인지 해당 장소의 기념비적인 유물과 함께 생생하게 소개한다. 파키스탄 라호르박물관, 아프가니스탄 국립박물관, 뉴욕 메트로폴리탄미술관, 페샤와르박물관, 프랑스 기메박물관, 도쿄 국립박물관 등 해외 유명 박물관의 소장품과 룸비니 마야데비 사원, 아소카왕 석주, 초전법륜지 다메크 스투파, 깨침의 장소 마하보디 사원과 대탑 그리고 산치 스투파 등 최고의 불교미술을 통해 경전으로만 접하던 붓다의 생애와 가르침을 ‘입체적으로’ 알기 쉽게 조명한다. 세계의 불교 명작, 300여 컷 사진 수록!‘존재의 고통’을 고민하는 붓다, 붓다를 상징하는 보리수가 죽어가자 쓰러지는 아소카왕, 고행으로 등뼈와 갈비뼈가 달라붙은 붓다, 극단적인 고행을 버리고 수행의 전환을 선택한 붓다에게 우유죽을 바치는 수자타, 머리의 육계와 광배로 표현되는 깨달음의 빛, 오른쪽으로 누워 반열반하는 붓다와 오열하는 제자들…. ‘존재의 고통’을 해결해가는 붓다의 생애를 둘러싼 수많은 이야기가 머릿속에만 맴돌지 않고, 불교 명작이 주는 감동과 함께 우리의 삶 속으로 걸어 들어온다."
"관세음보살이여, 관세음보살이여",김호성,"국내도서
 > 
종교
 > 
불교
 > 
불교이야기",9.79117E+12,"삶의 어떤 고난도 두렵지 않다우리에겐 관세음보살이 있기에!
불교에서는 흔히 우리가 살아가는 세상을 ‘사바세계’, 즉 ‘참고 견뎌야 살 수 있는 세계’라고 부른다. 높아져만 가는 물가, 고된 일상, 갑갑한 정치 풍경에 위태롭기만 한 세계정세까지, 그야말로 ‘참고 견뎌’ 넘기는 매일의 연속이다. 그런데 만약 막막한 내일을 두렵지 않게 해 줄, 내 삶을 나아지게 해 줄 인물이 있다면 어떨까?“선남자여, 만약 무량백천만억의 중생이 여러 가지 고뇌를 받고 있을 때 이 관세음보살을 듣고서는 일심으로 이름을 부른다면, 관세음보살은 즉시 그 음성을 관찰하시고 모두 벗어나게 할 것이다”『법화경』 제25 「관세음보살보문품」 속 한 구절이다. 지장보살이 지옥의 중생을, 미륵보살이 미래의 중생을 구해준다면 관세음보살은 현세의 고통을 없애 준다. 이처럼 괴로워하는 자를 구하는 자비의 화신인 관세음보살은 불교에서 가장 사랑받는 보살이라 해도 과언이 아닐 것이다. 관세음보살상 앞에서 나와 내 주위의 평안을 위해 관음기도를 하는 불교 신자는 언제나 많고, 유튜브의 ‘관세음보살 정근’ 독경 영상 조회수는 수백만이 넘는다. 불교를 잘 모르는 사람들에게도 붓다 다음으로 인지도가 높은 것이 관세음보살이라는 이름이다.그런데 이토록 익숙한 관세음보살이 정확히 어떤 존재인지 아는 사람은 얼마나 될까? 그는 왜 중생을 고통으로부터 구하겠다는 약속을 했을까? 우리를 도울 관세음보살이 존재한다는 것을 우리는 어떻게 알 수 있을까? 합리적이고 이성적인 설명을 원하는 21세기 독자들을 위해 평생 인도철학과 불교를 연구해 온 김호성 교수가 자신의 통찰을 담았다. ‘관세음보살’이라는 이름만 익숙했던 독자에게는 속 시원한 안내서가, 불교를 어느 정도 아는 독자에게는 이해와 수행을 한층 더 깊게 해 줄 마중물이 될 것이다."
이제서야 이해되는 불교,원영,"국내도서
 > 
종교
 > 
불교
 > 
불교이야기",9.79119E+12,"“인생이 덧없고 허무하게 느껴진다면불교 공부하기 더할 나위 없이 좋은 때!”
우리 삶에는 즐겁고 행복한 일만 있는 것은 아니다. 살아가다 보면 누구나 슬픈 상황이나 나 혼자의 힘으로는 이겨내기 어려운 힘든 상황을 맞닥뜨리기 마련이다. 이런 상황을 순조롭게, 혹은 평안하게 극복하기 위해서 우리는 마음의 의지처를 찾는데, 그때 가장 많이 찾는 것이 종교다. 그중에서도 신이라는 존재에게 의지하기보다는 ‘열반’이라고 하는 평안한 상태에 이르는 방법을 알려주는 불교는 특히나 힘든 일을 겪은 사람들에게 위로와 위안이 되어 준다. 갑자기 사랑하는 가족이나 친구의 죽음을 겪었을 때,  회복하기 어려운 큰 병에 걸렸을 때 등, 혼자서는 어찌 할 수 없는 순간이 갑자기 찾아온다. 무엇 때문에 이렇게 열심히 살아왔나, 하는 생각이 드는 사람이라면 누구나 공감하고, 쉽게 이해할 수 있는 가르침이 불교에 담겨 있다. 이 책은 불교 공부를 이제 막 시작한 사람들, 그리고 그동안 불교 공부를 어려워했던 사람들을 위한 불교 입문서이다. BBS불교방송의 최고 인기 프로그램 〈원영 스님의 불교대백과〉를 통해 불교의 모든 것에 대해 알려주었던 원영 스님이 불교의 핵심 가르침만을 가려뽑았다. 어려운 용어 대신 일상의 언어로 친근하게 풀었기 때문에 술술 읽히면서도 단박에 이해할 수 있도록 하였다."
이슬람교를 위한 변명,박현도,"국내도서
 > 
종교
 > 
그외종교
 > 
이슬람교",9.79119E+12,"인류 지성사에서 가장 오래 사랑받는 세계 종교의 핵심 메시지들!
종교문해력 총서 그 네 번째 책 『이슬람교를 위한 변명』“전쟁유발자·테러리스트? 오해는 끝났다!”모두의 이슬람 문맹 탈출을 위한한 권으로 끝내는 이슬람 설명서한국 사회에서 접하는 이슬람교는 종종 전쟁 관련 뉴스에서나 등장한다. 그래서 유독 ‘폭력적인 종교’라는 인식이 강하다. 그러나 묻는다. 전 세계 인구의 30%에 달하는 약 20억 명이 믿고 따르는 이슬람교에 폭력성만 있을까? “오해는 끝났다!” 『이슬람교를 위한 변명』은 모두의 이슬람 문맹 탈출을 위해 한 권으로 집약한 모두의 이슬람 설명서다. 『이슬람교를 위한 변명』은 ‘믿음’이 아닌 ‘이해’의 측면에서 종교를 바라보고 종교 감수성을 키우는 ‘종교문해력 총서’의 네 번째 책이다. 이 책은 전쟁유발자, 테러리스트 등 폭력적이고 비이성적인 종교 전통으로 이슬람교를 받아들이는 우리의 오만과 편견에 종식을 선언한다. 무슬림(이슬람교를 따르는 사람) 사회에 정통한 중동·이슬람 전문가인 저자는 이슬람교를 평화롭고 영성적이며, 하나님(알라)의 가르침을 굳게 믿고 따르는 종교 전통이라고 강조한다. 그러면서 “이슬람이 폭력적인 종교 전통이라고 믿는 무슬림은 단 한 명도 없을 것”이라고 단언한다. 책은 이슬람교에 대한 오해가 쌓여 생긴 편견을 잣대로 ‘폭력적인 종교’라고 오만하게 평가하는 우리 사회에 이해를 구한다. 일례로 흔히 ‘성전(聖戰)’으로 번역하는 ‘지하드(Jihad)’가 있다. 지하드는 물리적인 전쟁과 거리가 멀다. 무함마드가 전한 하나님의 계시에 어긋나는 마음과 벌이는 ‘내적인 투쟁’이다. 하지만 알카에다. IS, 하마스 등 이슬람 근본주의자들이 관련된 전쟁에 다수 인용하면서 뜻이 왜곡됐다. 저자는 7세기 아라비아의 상황과 현재 우리가 처한 시대를 오가며 이슬람교에 대한 우리의 오만과 편견의 두꺼운 장막을 하나씩 벗겨낸다. 이슬람교에 관한 방대하고 신선한 지식은 구매욕을 일으키는 이 책의 매력 포인트다. 무함마드 사후 이슬람 공동체의 지도자 칼리파의 계보와 순니·시아, 무슬림들의 시간 이슬람력, 성지 메카의 유래와 순례, 이슬람 영성가 수피들의 신앙, 성스러운 영적 전쟁인 라마단 단식, 일부다처제 등 이슬람교의 역사, 문화, 정치, 경제, 무슬림의 인생이 지루할 틈 없이 쏟아진다. 한 마디로 이슬람교의 거의 모든 것을 담았다. 그뿐만 아니라 무함마드의 삶에서 끊임없이 인생의 길을 묻고 찾은 무슬림들의 영적 깊이는 탄성을 자아낸다. 이 책은 이슬람 신앙과 종교문화는 오늘날 어떤 의미가 있고 어떻게 이해해야 이슬람 문맹을 벗어날 수 있는지 고민한 흔적이다. 또 가장 이상적인 인간으로서 무슬림의 마음속에 보석처럼 빛나는 무함마드와 그가 전한 이슬람을 이해하는 작업의 산물이자 친절한 설명서다.◆ 다름과 공감하는 시선 ‘종교문해력 총서’ ◆사회 여러 부문에서 통용되는 문해력(文解力, literacy)은 글을 아는 능력을 넘어 그 의미를 이해하고 활용하는 능력이다. 종교문해력은 ‘맹목적 믿음’이 아닌 ‘이성적 이해’의 측면에서 종교를 재해석하고 소통하는 능력으로, 종교문해력의 비판적 성찰과 모색의 힘은 올바른 종교의 선택과 바른 신행의 지향점을 제공한다. 특히 다종교·다문화 사회를 살아가는 우리에게 다른 종교와 세계관을 이해하는 ‘종교 감수성’을 높이는 힘이 된다. 마인드랩이 재단법인 플라톤 아카데미 지원을 받아 출간한 ‘종교문해력 총서’는 종교문해력으로 종교 감수성을 키우는 입문서 시리즈다. 『내 안의 엑스터시를 찾아서』(종교), 『인생의 괴로움과 깨달음』(불교), 『지금 우리에게 예수는 누구인가?』(기독교), 『이슬람교를 위한 변명』(이슬람교), 『소태산이 밝힌 정신개벽의 길』(원불교) 등 5종으로 인류 지성사에서 가장 오래 사랑받는 세계 종교의 핵심 메시지들을 인문학 관점에서 접근했다. ‘종교문해력 총서’는 종교학을 비롯해 붓다·예수·무함마드·소태산 등 각 종교 창시자들의 삶을 중심으로 그들이 고민한 인생의 근본 문제와 그 해답을 새롭게 풀이한다. 그리고 탈종교, 기후변화와 팬데믹, AI 혁명 시대를 사는 우리에게 종교의 의미와 가치 그리고 다름과 공감하는 시선의 방향을 일러준다."
바가바드 기타,정창영 (풀어 옮김),"국내도서
 > 
종교
 > 
그외종교
 > 
힌두교",9.79119E+12,"바람이 이리저리 불지만 언제나 허공에 있는 것처럼, 모든 존재가 내 안에서 움직인다
동서고금을 망라하고 많은 사람들에게 읽히고, 영향을 주고 있는 고대 경전 『바가바드 기타』가 새롭게 번역 출간되었다. 간디는 “한 줄기 희망의 빛이 보이지 않을 때 『바가바드 기타』의 책장을 넘기면 나를 위로하는 문구를 발견”한다고 하였으며, 헤르만 헤세는 “철학을 종교로 꽃피우는 삶의 지혜가 담긴 훌륭한 계시”라고 말했다.기원 전 4, 5세기에 이루어진 것으로 추정되는 『바가바드 기타』의 글자 그대로의 뜻은 ‘거룩한 분의 노래’라는 뜻이다. 시대와 종파를 초월해 사랑받으며, 인류의 살아 있는 성전으로 일컬어진다.존재가 뿌리째 흔들리는 위기 상황에 처한 아르주나가 크리슈나에게 괴로움을 호소하면서 이야기는 시작된다. 아르주나와 크리슈나가 나누는 철학적이고 영적인 대화를 통해 우리는 자신의 본성을 인식하게 된다."
이것이 개벽이다(상),안경전,"국내도서
 > 
종교
 > 
그외종교
 > 
증산도",9.79119E+12,"가을개벽은 우주에 후천의 시공이 개막됨을 선언하는 신神의 불꽃놀이다. 낡고 병든 선천의 하늘과 땅이 자신의 병든 모습을 모조리 벗어던지는 이 말세 개벽의 불꽃놀이를 옛사람들은 ‘재조정의 시기’, ‘새로운 사이클’, ‘인간이 진리 자체가 되게 하려는 우주 재창조의 순간’이라 하였다. (본문 중에서) 지구촌이 거세게 요동치고 있다!전 세계인을 공포로 몰아넣은 COVID-19, 수십만의 생명을 한순간에 앗아가는 거대 지진, 기후위기를 넘어선 기후비상사태, ‘2050년 거주 불능 지구’, ‘제6의 멸종’ 등의 경고와 함께 인류의 미래에 비상등이 켜졌다.지구촌에 몰아닥치고 있는 이러한 격변의 실체는 무엇인가?그것은 한마디로 천지가 ‘새 하늘 새 땅’, ‘상생의 새 문명’을 여는 가을개벽의 문턱에 성큼 다가셨음을 알리는 신호탄이다.인류는 가을개벽을 반드시 이렇게라아야 한다. 지금은 성성한 정신으로 깨어나 다가오는 가을 천지개벽을 대비할 때다."
마스터의 제자,피터 마운트 샤스타,"국내도서
 > 
종교
 > 
그외종교
 > 
그외종교",9.78894E+12,"상위 자아, 상승 마스터, 쌍둥이 불꽃, 외계인, 내부 지구 등이 모든 것을 한 인생에서 경험한 현존하는 인류의 위대한 스승, 피터 마운트 샤스타.그가 실제로 겪은 마스터들과의 모험이동서양의 영성을 통합한 ‘I AM의 가르침’과참된 수행자의 삶이 무엇인지를 여실히 보여준다!"
코란(꾸란),김용선,"국내도서
 > 
종교
 > 
그외종교
 > 
이슬람교",9.78897E+12,N/A
생존의 비밀,안경전,"국내도서
 > 
종교
 > 
그외종교
 > 
증산도",9.79119E+12,"『생존의 비밀』 은 〈세계의 공포, 전염병 대유행〉, 〈인류 문명사를 바꾼 전염병〉, 〈다가오는 질병대란 소식〉, 〈인간 고통의 근원은〉, 〈병은 천지에서 온다〉, 〈병든 천지를 고쳐 주시는 ‘한 분’의 강세〉 등을 수록하고 있는 책이다."
네빌 고다드 5일간의 강의,네빌 고다드,"국내도서
 > 
종교
 > 
그외종교
 > 
그외종교",9.789E+12,"형이상학자 네빌 고다드의 『네빌 고다드, 5일간의 강의』. 우리에게는 '영혼을 위한 닭고기 수프' 시리즈로 알려진 마크 빅터 한센 등의 현대 자기계발 강사들에게 놀랍고 탁월한 영감을 준 저자가 1948년에 5일간 강의한 내용을 담은 것이다. '마음의 법칙'이 지닌 힘은 알고 있지만 현실에서 그를 적용하기는 망설여지거나 실패한 사람들을 위한 '의식의 법칙'을 소개하고 있다. 우리 의식을 자유롭게 함으로써, 상상을 현실로 이룰 수 있도록 인도한다. 특히 우리가 외적 문제를 겪을 때 내면의 의식으로 시선이 향해야 함을 일깨우고 있다."
나는 누구인가?,라마나 마하리쉬,"국내도서
 > 
종교
 > 
그외종교
 > 
힌두교",9.78899E+12,"‘나는 누구인가’는 나 탐구에서 일어나는 질문과 답에 주어진 제목이다. 이 질문들은 1902년 슈리 M. 쉬바 쁘라까삼 삘라이에 의해 바가반 슈리 라마나 마하리쉬에게 놓여졌다. 철학 석사인 슈리 쉬바 쁘라까삼 삘라이는 그 당시에 남 아르꼬뜨 세무서의 징세부에 근무했다. 1902년 띠루반나말라이를 방문하는 동안에 그는 아루나짤라 산의 비룩빡샤 동굴로 가서, 그곳에서 마하리쉬를 만났다. 그는 마하리쉬로부터 영적 안내를 구하였으며 나 탐구와 관련한 문제들에 대한 답을 간청하였다. 바가반께서는 그때 대화를 하지 않았다. 어떤 맹세 때문에 그렇게 한 것은 아니었다. 다만 말하고 싶은 의도가 없어서 그렇게 했다. 마하리쉬는 그가 물은 질문들에 대하여 답을 적었다. 슈리 쉬바쁘라까삼 삘라이의 회상과 기록에 의하면 13개의 질문과 답들이 바가반에 의하여 그에게 주어졌다. 이 기록은 1923년에 처음으로 (오리지널 따밀지에) 슈리 쉬바쁘라까삼삘라이의 이름으로 출간되었다. 거기에는 어떻게 바가반의 은총이 자신의 의심을 추방하여 삶의 위기로부터 그를 구했는지에 관련한 몇 개의 시도 들어 있었다. 이후 이 책은 여러 번 출간되었다. 어떤 판에서는 13개의 질문과 답이 보이며, 다른 판에서는 28개가 보이기도 한다. 또 다른 판에서는 질문들이 보이지 않으며, 또 다른 판에서는 가르침이 산문 형식으로 재배열되고 있다. 현존해 있는 영어 번역은 산문 형식으로 재배열된 것이다. 이 책에는 28개의 질문과 답들이 있다.    비짜라상그라함(나 탐구)과 함께, 난 야르(나는 누구인가?)는 스승 자신의 말로 된 첫 번째 가르침의 묶음이다. 이 둘은 바가반의 저서 중 유일한 산문 조각들이다. 그것들은 해방으로 가는 직접적인 길인 나 탐구라는 핵심적인 가르침을 설명하고 있다. 탐구가 만들어지는 특별한 모드는 난 야르에서 명쾌하게 설명하고 있다. 마음은 생각들로 되어 있다. ‘나’ 생각이 마음에서 일어나는 첫 번째 생각이다. ‘나는 누구인가?’라는 탐구를 지속적으로 할 때, 모든 다른 생각들이 파괴되며, 마침내 지고한 비이원의 나만을 남겨놓은 채 ‘나’ 생각 그 자체가 사라진다. 나가 아닌 몸과 마음의 현상과 나와의 거짓 동일시가 끝나고, 그래서 샥샤뜨까라 즉 깨달음이 있다. 물론 탐구의 과정은 쉬운 것이 아니다. ‘나는 누구인가?’를 탐구할 때, 다른 생각들이 일어날 것이다. 그것들을 따라감으로 그것들에 굴복하는 대신에, 그와 반대로 ‘그것들이 누구에게 일어나는가?’하고 물어야 한다. 이것을 하기 위해서는, 극히 경계하고 있어야 한다. 끊임없는 탐구로 마음을 그것의 근원에 머물게 해야 한다. 마음을 바깥으로 방황하게 하여 스스로 창조한 생각의 미로에 길을 잃어서는 안 된다. 호흡의 통제나 신의 형상에 대한 명상과 같은 모든 다른 수련들은 보조적인 수행들로 여겨져야만 한다. 그것들은 마음을 고요하게 하며 또 일점지향이 되도록 만드는 한 도움이 된다. 집중의 기술을 얻은 마음에게는 나 탐구가 비교적 쉽다. 쉬지 않고 탐구함으로 생각들은 파괴되고 나가 깨달아진다. ‘나’라는 생각조차도 없는, ‘침묵’이라고 언급이 되는 절대적 실재인 나가 깨달아진다. 이것이 실질적으로 난 야르에 있는 바가반 슈리 라마나 마하리쉬의 가르침이다. T.M.P, 마하데반 마드라스 대학교 1982. 6. 30"
내 영혼이 내 인생을 계획했다면,지나 레이크,"국내도서
 > 
종교
 > 
그외종교
 > 
그외종교",9.78894E+12,"살다 보면 ‘내가 전생에 무슨 죄를 지었길래?’ 하는 소리가 절로 나오는 일들이 생긴다. 그런데 만약 그 일이 내 영혼의 계획이었다면? 내가 태어나기 전 겪기로 선택한 일이었다면? 예수가 말하는 윤회, 환생, 카르마 이야기."
현존수업,마이클 브라운,"국내도서
 > 
종교
 > 
그외종교
 > 
그외종교",9.78894E+12,"현존 수업은 모든 존재가 공유하고 있는 현존(Presence)에 다시 자신을 연결시키고자 하는 사람이라면 누구에게나 도움이 될 수 있도록 고안된 과정이다. 이 과정은 부드럽고 안전해서 누구나 쉽게 따라 할 수 있다. 또 이 과정을 통해 얻게 되는 이익은 매우 실질적이고 그 효과는 지속적이다. 현존을 체험하는 것이야말로, 지금 이 순간을 온전히 자각하는 것이야말로 우리가 자신에게 줄 수 있는 가장 큰 선물이다."
에고로부터의 자유,누크 산체스,"국내도서
 > 
종교
 > 
그외종교
 > 
그외종교",9.78899E+12,"에고를 내려놓으면 삶이 가벼워진다!삶이 더 가벼워지기를 바라는 이들을 위한 안내서『에고로부터의 자유』. 영성수련의 고전이 된 책 <기적수업>의 가르침을 토대로 판단하고 부정하며 방어와 공격의 충동에 이끌려 살아가는 삶을 멈추고, 우리의 원래 모습인 사랑과 평화를 회복하는 근본적인 길을 제시하는 책이다. 저자들은 그 방법으로 두려움과 죄의식, 분리감 등의 뿌리인 에고를 내려놓고 근원에 대한 신뢰를 회복하는 길을 여섯 단계로 나누어 설명한다. 이와 함께 자신과 타인을 이해하는 데 도움이 되는 애니어그램, 자신의 잘못된 믿음을 확인하는 강력한 도구인 바이런 케이티의 '작업‘, 그리고 상대의 공격을 사랑의 요청으로 받아들이도록 도와주는 ’PIQ 공식‘ 등 에로고부터 자유로워지도록 돕는 유용한 도구들을 소개한다."
람타 현실 창조를 위한 입문서,아이커넥 편집부,"국내도서
 > 
종교
 > 
그외종교
 > 
그외종교",9.789E+12,"미국 여성 제이지 나이트를 유일한 채널로 사용하는 람타의 가르침을 배우는 『람타 현실 창조를 위한 입문서』. 3만 5천년 전에 살았던 고대 전사이자 정복자이며 초탈한 마스터인 람타와의 대화, 강의 내용을 녹취한 것을 바탕으로 써내려가고 있다. 람타가 사용한 말을 고스란히 옮겨 생동감이 넘친다."
무당,조성제,"국내도서
 > 
종교
 > 
그외종교
 > 
그외종교",9.78899E+12,"무당집에 잘못 들어가면 사기를 당한다?
<무당_신을 모시고 대변하는 그들은 사제인가? 사기꾼인가?>는 우리의 민족전통신앙인 무속의 세계를 30여 년간 연구해 온 조성제 무속칼럼니스트가 ‘무당집에 잘못 들어가면 사기를 당한다’는 생각이 팽배한 지금의 잘못된 인식을 조금이라도 바로잡아 보겠다는 신념으로 2015년 <신을 조롱하는 무당>을 출판한 후 두 번째로 내는 칼럼집이다."
"힌두교사 깊이 읽기, 종교학이 아닌 역사학으로",이광수,"국내도서
 > 
역사/문화
 > 
세계사
 > 
교양세계사",9.79116E+12,"요가, 명상, 기세棄世, 비폭력…왜곡된 채 소비되던 힌두교의 제자리를 찾다
1990년대 한국에서는 ‘인도 열풍’이 불었다. 한 시인에 의해 점화된 이 열풍에서 인도는 ‘낯선 사람도 반갑게 대해주는 좋은’ 나라, 인도인들은 ‘뭐든지 느리게 돌아가는 사회임에도 거기에 적응해 잘 사는 사람들’, ‘가난하지만 영적으로 충만하고 행복한 사람들’, 힌두교는 ‘세상을 버리고 떠나는 종교’였다. 인도와 인도인과 힌두교는 상상의 색으로 덧칠되었고 사람들은 그렇게 채색된 이미지에 경도되었다. 한국에서 힌두교에 대한 이 같은 이해는 오늘날까지 이어지고 있다. 서구 특히 미국에서 이루어진 오리엔탈리즘에 탈속 문화를 과도하게 강조한 일부 문필가들의 기행 수상문이 더해져 힌두교는 ‘요가, 명상, 사색, 비폭력, 속세를 떠나 초월한 태도 등을 특징으로 하는 인도의 종교’로만 이해되고 있다. 하지만 이는 인도사에 대한 왜곡을 불러와 여러 문제를 낳는 단초가 될 가능성이 있다.이에 국내 유일의 힌두교사 전공자인 이광수 교수(부산외국어대학교 인도학과)는 “힌두교가 형성되고 변화해 온 모습과 성격을 인도사의 흐름에 따라 역사학적으로 분석”(11쪽)하여 상상의 색으로 그려진 힌두교에 힌두교 본연의 색을 입히고자 한다. 30여 년의 연구를 통해 “힌두교의 처음부터 현재까지의 변화와 성격을 통사적으로 개괄”(11쪽)한다."
소태산이 밝힌 정신개벽의 길,장진영,"국내도서
 > 
종교
 > 
그외종교
 > 
원불교",9.79119E+12,"인류 지성사에서 가장 오래 사랑받는 세계 종교의 핵심 메시지들!
종교문해력 총서 그 다섯 번째 책 『소태산이 밝힌 정신개벽의 길』“의문만 던지지 않고 삶으로 옮기다!”깨닫자마자 갯벌에 논밭부터 만든‘평범한 성자’ 소태산의 영성 혁명기1924년 세상에 공개된 불법연구회(佛法硏究會)가 모태인 원불교는 창시자이자 교주(敎主)의 이름을 검색해보지 않으면 쉽게 떠올리기 어렵다. 불교의 붓다와 기독교의 예수보다 낯설고, 이슬람교의 무함마드처럼 생소한 이름이다. 이 책은 원불교의 시작점이자 우리 곁에 함께 했던 ‘평범한 성자’ 소태산 박중빈(少太山 朴重彬, 1891~1943)의 영성 혁명기다. 『소태산이 밝힌 정신개벽의 길』은 ‘믿음’이 아닌 ‘이해’의 측면에서 종교를 바라보고 종교 감수성을 키우는 ‘종교문해력 총서’의 다섯 번째 책이다. 원광대 마음인문학연구소 소장이자 원불교 성직자인 저자는 100여 전 스스로 영성의 길을 밝힌 소태산의 영적 여정에 동행한다. 저자는 소태산의 의문과 깨침, 그의 꿈과 땀 그리고 그의 가르침에서 영성의 답을 찾고자 한다. 일제강점기 식민지 국가의 변방 청년이 물질문명이 급변하는 세상 속에서 찾은 정신개벽의 본질과 소태산이 꿈꾸었던 ‘개벽의 꿈’을 역추적하는 것. 특히 인생의 모든 문제에 ‘이게 뭘까?’ 의문에서 ‘이 일을 어찌할꼬’라며 구체적인 방법을 고민하고 실천에 옮긴 점에 주목한다. 간석지를 개간해 논밭을 일궈 경제적 자립을 이뤄내고, 최고 의결기구에 남성과 여성의 비율을 똑같이 하고, 산중불교를 생활불교로 바꿔 이상적인 공동체를 구현한 소태산의 행보는 혁신적이기까지 하다. 이 책은 한 종교의 창시자라고 해서 특별함을 강조하진 않는다. 소태산이 그런 것처럼 누구나 영성의 씨앗을 품고 있으며, 누구나 싹을 틔우고 열매를 맺을 수 있다는 사실을 넌지시 알려준다. 교과서와 나무위키에 정리된 원불교와 소태산에 관한 정보보다 풍부하고 자세한 설명은 덤이다. 소태산은 누구이며 어떻게 영성을 추구했으며, 원불교는 어떤 종교일까? 24개국 90여 개 교당과 기관에서 소태산이 밝힌 정신개벽의 길을 동행하는 이유는 뭘까? 한 번쯤 영성을 고민했거나 원불교나 소태산이 궁금했다면 『소태산이 밝힌 정신개벽의 길』은 가장 친절한 입문서가 될 것이다. ◆ 다름과 공감하는 시선 ‘종교문해력 총서’ ◆사회 여러 부문에서 통용되는 문해력(文解力, literacy)은 글을 아는 능력을 넘어 그 의미를 이해하고 활용하는 능력이다. 종교문해력은 ‘맹목적 믿음’이 아닌 ‘이성적 이해’의 측면에서 종교를 재해석하고 소통하는 능력으로, 종교문해력의 비판적 성찰과 모색의 힘은 올바른 종교의 선택과 바른 신행의 지향점을 제공한다. 특히 다종교·다문화 사회를 살아가는 우리에게 다른 종교와 세계관을 이해하는 ‘종교 감수성’을 높이는 힘이 된다. 마인드랩이 재단법인 플라톤 아카데미 지원을 받아 출간한 ‘종교문해력 총서’는 종교문해력으로 종교 감수성을 키우는 입문서 시리즈다. 『내 안의 엑스터시를 찾아서』(종교), 『인생의 괴로움과 깨달음』(불교), 『지금 우리에게 예수는 누구인가?』(기독교), 『이슬람교를 위한 변명』(이슬람교), 『소태산이 밝힌 정신개벽의 길』(원불교) 등 5종으로 인류 지성사에서 가장 오래 사랑받는 세계 종교의 핵심 메시지들을 인문학 관점에서 접근했다. ‘종교문해력 총서’는 종교학을 비롯해 붓다·예수·무함마드·소태산 등 각 종교 창시자들의 삶을 중심으로 그들이 고민한 인생의 근본 문제와 그 해답을 새롭게 풀이한다. 그리고 탈종교, 기후변화와 팬데믹, AI 혁명 시대를 사는 우리에게 종교의 의미와 가치 그리고 다름과 공감하는 시선의 방향을 일러준다."
최소한의 이슬람,황원주,"국내도서
 > 
종교
 > 
그외종교
 > 
이슬람교",9.78895E+12,"하나님은 무슬림도 예수를 믿어 구원받기 원하신다
이슬람의 기원, 꾸란, 하디스, 시라 등 무슬림의 근간을 역사비평학적으로 평가하여 이슬람에 대한 바른 지식을 전수한다.서울대학교 경제학과와 환경대학원을 졸업한 저자는 하나님의 특별한 부르심으로 무슬림에게 복음을 전하는 선교사가 되었다. 그는 30여년 간 무슬림을 품고 그들을 구원하기 원하시는 하나님의 마음을 어떻게 하면 효과적으로 전할 수 있을지 불철주야 노력하고 있다. 다년간 무슬림 사역을 하고, 이슬람권의 상황화에 관한 연구로 선교학 박사 과정을 밟으면서 이슬람의 기원부터 전파 과정, 꾸란이 쓰여진 시기와 사본들이 제작된 과정, 무함마드의 언행과 실천이 담겼다는 하디스와 무함마드의 전기인 시라, 꾸란의 내용 등을 연구할 필요를 느꼈다. 과연 무슬림들이 말하고 믿고 있는 이슬람의 기원이 맞는지, 그들이 무오한 알라의 메시지(와히)라고 믿고 있는 꾸란의 정체, 때로는 꾸란보다 위에 있는 것처럼 보이는 하디스, 후대에 쓰인 기록일수록 더욱 과장되고 신비화되는 무함마드의 전기 시라 등에 대해 수많은 자료를 바탕으로 역사비평학적으로 분석하여 평가해 주고 있다. 이는 이슬람을 폄하하기보다는 무슬림들에 의해 전파된 그들의 내러티브가 과연 참인지를 알아보고, 객관적으로 이슬람을 이해할 수 있도록 하기 위함이다. 이런 노력은 이슬람이란 틀 속에 살면서 참된 복음을 듣지도 못한 채 살고 있는 무슬림들을 더 잘 이해하고 그들에게 한 걸음 더 나아가기 위한 것이다. 그들에게 사랑 안에서 참 진리인 예수 그리스도의 복음을 알려주어, 그들 또한 구원의 반열에 들어올 수 있도록 작은 길을 내는 것이다."
“I AM” 확언,피터 마운트 샤스타,"국내도서
 > 
종교
 > 
그외종교
 > 
그외종교",9.7912E+12,"당신이 꿈꾸는 삶을 실현하는 데 필요한 것은 무엇일까요?
만약 당신이 내면의 힘과 우주와의 깊은 연결을 통해 원하는 현실을 창조할 수 있는 방법을 찾고 있다면, 《“I AM” 확언》은 당신의 영혼이 갈망하는 답을 제공합니다."
기도와 참회 그리고 천도,전이창,"국내도서
 > 
종교
 > 
그외종교
 > 
원불교",9.78898E+12,"전이창의 『기도와 참회 그리고 천도』는 〈왜 기도해야 하는가〉, 〈기도에 앞서〉, 〈어떤 기도를 할 것인가〉 등이 수록되어 있는 책이다."
아이 앰 댓,대성,"국내도서
 > 
종교
 > 
그외종교
 > 
힌두교",9.78899E+12,"이 책은 국내에서 “담배가게의 성자”로도 알려진 인도의 영적 스승 니사르가닷따 마하라지의 가장 대표적인 어록이며, “명상서적의 고전”으로 손꼽히는 명저이다. 원서인 《I Am That》은 폴란드 출신의 구도자로서 인도에서 오래 살며 라마나 마하르쉬를 스승으로 모시기도 했던 모리스 프리드먼이, 1970년을 전후해 뭄바이에서 니사르가닷따 마하라지와 여러 구도자들이 나눈 문답을 녹음하고 이것을 영어로 번역하여 출간한 것이다. 2002년에 한국어판 초판이 출간된 이후, 기존의 번역을 전면 수정하고 보완한 개정 신판이다."
"죽음 너머, 우리가 몰랐던 귀신 이야기",이원철,"국내도서
 > 
인문
 > 
철학
 > 
동양고전
 > 
역학",9.79117E+12,"우리 주위 어디든 존재하며 한때 우리의 친구였고 가족이었던 이들의 영혼에 대한 이야기,오싹하지만 흥미진진한 영적 세계가 당신 앞에 펼쳐진다!삶과 죽음의 세계를 냉철한 변호사의 눈으로 바라본 본격 귀신 탐구서변호사이자 30여 년간 심령학을 연구한 저자가 밝히는 귀신에 대한 탐구서. 죽음 너머의 세계를 엿본 사람들, 시공간을 초월한 영과의 소통 등 죽음 이후에 대한 인문학적 탐구 결과를 제시한다.이 책은 사람의 육체적 죽음 이후 영혼으로 존재하는 실체, 즉 귀신에 대한 이야기다. 마냥 무섭기만 한 존재가 아니라 우리 주위 어디든 존재하며 우리에게 영향을 미치고 소통하고 싶어 하는, 한때는 우리의 친구였고 가족 또는 조상이었던 이들의 영혼에 대한 이야기다. 그에 관해 많은 학자가 연구한 결과를 알기 쉽게 소개하는 내용이다. 귀신에 대해 알게 되는 것은 영적 세계를 이해하는 첫걸음이 된다.사람은 누구나 죽음을 맞게 되지만, 죽음에 대해 생각하거나 입에 올리기를 꺼린다. 그러나 누구나 죽음이 끝이 아니라는 사실을 알게 되면 삶을 대하는 태도가 달라진다고 한다. 이 책은 참된 삶을 살고자 하는 사람들에게 조금이나마 길을 제시해 줄 것이다."
하나님의 시선 7집,이기선,"국내도서
 > 
종교
 > 
CD/TAPE/악보
 > 
기독교성가집",9.78896E+12,『하나님의 시선 7집』은 현대적인 감각으로 편곡된 창작곡들과 친숙한 찬송가와 CCM등이 짜임새 있게 수록된 찬양집이다.
중앙성가 47집 - SATB,박신화,"국내도서
 > 
종교
 > 
CD/TAPE/악보
 > 
기독교성가집",9.78896E+12,"『중앙성가 47집』은 잘 알려진 국내·외 CCM을 편곡한 곡들과 스윙, 굿거리장단, 축제의 분위기 가득한 찬송가 편곡과 장엄하고 은혜로운 찬양곡이 함께 포함되어 친숙하고, 다채로운 찬양을 드릴 수 있다."
예수나의기쁨23,윤의중,"국내도서
 > 
종교
 > 
CD/TAPE/악보
 > 
기독교성가집",9.79116E+12,N/A
중앙성가 Vol 45,박신화,"국내도서
 > 
종교
 > 
CD/TAPE/악보
 > 
기독교성가집",9.78896E+12,"나는 공로 전혀 없도다. 오직 주의 은혜라'『중앙성가 45집』 첫 번째 수록곡 '주의 은혜라'의 가사와 같이, 우리에게는 어떤 의도, 공로도 없다. 모든 것이 주의 은혜임을 시인할 때, 하나님께서 더 큰 은혜로 우리와 함께할 것이다. 코로나 팬데믹이 끝나고 우리의 일상을 되찾게 된 주의 은혜 가운데 나오게 된 『중앙성가 45집』은 많은 예배자들이 공감하는 가사의 CCM 편곡과 18세기 오페라 작곡가 Wenzel Muller의 전통 예배 성가, '성자의 행진'으로 알려진 흑인 영가 등 다채로운 선곡으로 수록하여 깊은 찬양의 제사를 올릴 수 있다. 『중앙성가 45집』을 통해 온전히 하나님께 영광 올려드리는 귀한 예배와 찬양의 시간이 되길 바란다."
중앙성가 Vol 48,박신화,"국내도서
 > 
종교
 > 
CD/TAPE/악보
 > 
기독교성가집",9.78896E+12,첫 번째 수록곡 ‘나의 힘이 되신 주님’의 “언제나 어디서나 나와 함께 하시니 나의 마음 은혜 됩니다.”라는 가사대로 언제나 나의 삶에 동행하시는 그 은혜로 매 순간 기쁨으로 충만함을 누릴 수 있다.?새롭게 출간된 『중앙성가 48집』은 찬송가와 CCM을 편곡한 곡들에서 다양한 장르의 창작곡까지 절기별로 구성하여 수록하였다.?우리 가는 길을 인도하시고 동행하시는 주님께 삶을 온전히 맡겨드리고 세상이 줄 수 없는 희락을 주시는 주님을 영원토록 찬양합시다.
성탄절 칸타타 오 거룩한 빛 SATB,Mary McDonald,"국내도서
 > 
종교
 > 
CD/TAPE/악보
 > 
기독교성가집",9.78896E+12,"〈오 거룩한 빛〉 칸타타는 그리스도의 탄생에 이르기까지의 예언과 현상들을 잘 표현하기 위해 음악과 낭독이 유연하게 조합된 곡입니다. 대강절 초는 아기 예수께 드리는 각각의 의미와 연결시켜 예배 시에 시각적, 상징적으로 사용하도록 하시기 바랍니다. 우리에게 잘 알려진 축제의 화려한 전주로 첫 곡이 시작되고, 이어 Gesu Bambino 선율이 등장하며 이사야 선지자의 예언의 말씀을 일깨워줍니다. ‘일어나라 빛을 발하라 이는 네 빛이 이르렀고 여호와의 영광이 네 위에 임하였음이니라.’ 이러한 익숙한 선율들은 ‘곧 오소서, 임마누엘’, ‘사랑의 선물’, ‘그 어린 주 예수’ 등과 같은 대강절 찬송곡들의 가사들로 채워집니다. 이 곡에서 선택적이지만 효과적으로 적용할 수 있는 부분은 두 개의 곡에서 Unison Choir(모든 연령대)와 연합하여 연주하는 것입니다. 회중과 함께 하는 찬양도 끝에서 두 번째 곡인 ‘와서 주께 경배해’에 포함되어 있습니다. 추가로, 그리스도의 빛과 그에 대한 우리의 경배를 표현하는 곡들도 있는데, 이는 (선택적으로) 찬양대와 회중들이 직접 촛불을 나누는 방식으로 진행할 수 있습니다.이 전체 칸타타에 표현된 음악적 스타일은 매우 다양하여 약 35분가량의 시간 동안 전체적인 드라마를 이끌어 가기에 충분합니다. 오케스트레이션의 장인인 Ed Hogan이 오케스트라 편곡을 맡아 그의 창조성과 예술성으로 이 곡을 한층 더 효과적으로 표현하였습니다. (물론, 피아노 반주만으로도 그와 같은 효과를 표현할 수 있습니다) 이 곡은 여느 규모의 찬양대, 음악적 실력에 상관없이 누구나 연주할 수 있도록 작곡되었습니다. 연주 녹음뿐 아니라 반주 및 파트별 트랙 녹음은 이 곡을 준비하고 연주하는 데 많은 도움이 될 것입니다."
워십기타 송북 셀라,윤현민,"국내도서
 > 
종교
 > 
CD/TAPE/악보
 > 
기독교성가집",9.7912E+12,"100곡의 예배곡을 담은 통기타 전용 악보집
통기타를 위한 악보집 워십기타 송북 셀라켄지가 만드는 워십기타 시리즈. 이번에는 악보집 입니다.실전 예배 반주를 위한 구체적인 가이드를 제시하는 악보집 입니다. 워십기타 리빌딩을 통해 코드와 리듬의 기본기를 익혔다면 이제는 수 많은 예배 곡을 통해 어떻게 연주하면 좋을지 고민하고 연습하는 단계입니다.워십기타 송북 셀라는 잠시 멈춰 예배에 대해 돌아보고 예배곡에 대해 묵상하는 시간을 갖는 것부터 시작합니다. 예배 곡에 대한 익숙함을 버리고 다시 셀라의 의미를 되새기는 것입니다. 이 악보집은 이전에 출간된 워십기타 리빌딩을 바탕으로 하고 있습니다.거기에서 배웠던 것들을 어떤 방식으로 적용하는지 알 수 있습니다. 악보의 코드 위에는 코드표가 상세하게 들어가 있으며 평범한 코드를 벗어나 보다 창의적인 코드를 사용할 수 있도록 구성하였습니다.곡에 사용되는 리듬도 곡에 맞는 리듬을 구사하는 방법을 택해 합주에서 최적으로 사용할 수 있도록 준비하였습니다. 단지 악보집일 뿐이지만 통기타 반주자들의 어려움과 고충을 조금이나마 해소하고 보다 완성도있는 예배 음악을 만들어갈 수 있기를 바랍니다."
실로암 성가 2,김필승,"국내도서
 > 
종교
 > 
CD/TAPE/악보
 > 
기독교성가집",9.78898E+12,N/A
워십기타 리빌딩,윤현민,"국내도서
 > 
종교
 > 
CD/TAPE/악보
 > 
기독교성가집",9.7912E+12,"워십기타 리빌딩의 저자는 이런 현상의 주요 원인으로 기본기의 부재를 꼽는다. ""어깨 너머로 배우는 기타로는 기본기를 제대로 배울 수가 없습니다. 운이 좋아서 가르치는 사람이 기본기의 중요성을 잘 알려주면 좋지만 교회 안에서 그런 사람을 찾는 것은 거의 힘들죠. 기타 반주자도 없는 시대인데요."" 기본기라는 것은 체계적인 과정으로 연습해야 하는데 학원을 가도, 레슨을 받아도, 인터넷 강좌를 뒤져보아도 어디서도 체계적으로 배울 수 없었던 것이다. 200페이지 분량의 워십기타 리빌딩은 시작부터 기본기에 대해서 강조한다. 생초보가 이 책을 보기에는 조금 어렵지만 대부분의 교회 반주자들은 기타는 치지만 원활한 반주는 어려운 초보 레벨에 머물러 있기 때문에 기본기 연습을 충실히 하면 바로 실력 향상이 가능하다. 그래서 책의 앞부분은 기타 실력의 근간을 이루는 14가지 기본 코드와 6가지 리듬에 대한 설명과 연습곡들이 빼곡히 들어 있다. 그 다음으로 이어지는 코드를 이해하는 과정에서는 기본형 코드를 벗어난 새로운 운지의 코드폼들을 연구하고 발전해 나갈 수 있는 오픈 코드 운지법을 설명하고 최근 많이 사용하는 분수코드의 활용과 운지 방법, 텐션코드의 개념과 운지 방법에 대한 소개를 한다. 기본기를 익힌 후 자연스럽게 고급 코드를 사용할 수 있는 과정으로 나아가는 것이다. 그리고 이것은 음악적 구성을 이해하는 과정으로 발전해 노래의 구성요소인 송폼과 빌드업, 싱코페이션, 섹션등의 합주 구성을 연습하게 되며 마지막으로는 합주를 이해하는 과정으로 실제 합주 연습곡을 통해 실력을 쌓게 된다. 총 39곡의 연습 곡들은 과정별 난이도에 맞춰 실려있으며 체계적인 연습을 통해 예배 반주가 익숙해질 수 있도록 설계되어 있다. 최근 젊은층의 예배에서 많이 사용 되는 예배곡부터 '내 마음을 가득채운', '나의 슬픔을'처럼 곡 자체의 수준이나 난이도가 높은 합주 곡들을 리듬 악보와 함께 배울 수 있게 구성하였다. 윤현민 대표는 ""지금은 음악적으로 많이 발전한 시대이기 때문에 여전히 90년대 음악에 머물러 있는 통기타 연주를 현대적으로 발전시킬 필요가 있다"" 면서 ""그때는 어설프게 쳐도 통했지만 이제는 정말 제대로 기본기를 닦지 않으면 연주 자체가 불가능한 경우가 많습니다. 반주자가 실수를 많이 하게 되면 그만큼 예배에 방해가 되거든요. 그러니 반주자는 예배에 방해가 되지 않도록 기본기에 충실한 연주를 해야 합니다."" 라고 설명했다"
어린이 중앙성가 2,윤학준,"국내도서
 > 
종교
 > 
CD/TAPE/악보
 > 
기독교성가집",9.78896E+12,"어린이 중앙성가 2집을 내면서하나님을 찬양할 수 있다는 것은 너무도 귀하고 축복된 일이다. 어린이들에게 찬양은 음악적 감성을 심어줄 뿐만 아니라 올바른 신앙인으로서 하나님과의 관계를 연결시켜주는 중요한 도구이며, 찬양을 통한 가치 있는 삶을 살아가게 하는 중요한 역할을 한다. 어린이는, 어린이의 음악으로 찬양을 드릴 때에 가장 즐겁고 행복하게 찬양을 드릴 수 있다. 시대가 변천하는 과정에서 사회 · 정치뿐만 아니라 문화 · 예술적인 가치들도 변화하고 있는 가운데, 어린이들의 생활과 사고방식, 음악적 성향도 변하고 있다. 요즘의 어린이들은 다양한 음악적 요구를 가지고 있고 누구보다 시대의 흐름에 민감함을 가지고 있다. 이러한 그들의 음악적 요구를 충족할 수 있도록 작곡가들뿐만 아니라 어린이 성가대 지휘자들은 항상 연구하고 기도하는 자세를 가져야 할 것이다."
CCM 반주의 비밀: 멜로디 편,조희순,"국내도서
 > 
종교
 > 
CD/TAPE/악보
 > 
CCM악보",9.78893E+12,『CCM 반주의 비밀: 멜로디 편』을 통해 Joy쌤 조희순 교수와 함께 CCM반주도 배워보세요. CCM반주에서 가장 많이 사용되는 아르페지오(펼침화음) 기법을 색깔 피아노로 표현하여 스스로 적용할 수 있도록 꾸몄어요. 찬양 중 가장 많이 사용되는 곡 위주로 선곡했어요. 체계적인 원리를 통한 편곡 기법으로 곡을 만났을 때 전체 곡의 구성을 파악한 후 적용하여 연주할 수 있어요.
시와찬미 11,SFC출판부,"국내도서
 > 
종교
 > 
CD/TAPE/악보
 > 
기독교성가집",9.79119E+12,"많은 분들께서 기다리시던 새 『시와 찬미』!오랜 세월 동안 한국교회와 함께해 온 찬양집 〈시와 찬미 시리즈〉의 열한 번째 책, 『시와 찬미 11』이 출간되었습니다.- 시와 찬미 11은 시와 찬미와 신령한 노래로 하나님을 찬양하기를 원하는 모든 그리스도인들에게 예배의 도구로 사용되기 위해 제작된 회중찬양집입니다.- 시와 찬미 11은 오랫동안 사랑받아 온 찬양들에 더하여, 2014년에 출간된 시와 찬미10 이후 한국교회에서 새로이 널리 사랑받은 제이어스, WELOVE, 히즈윌 등의 여러 신곡들을 새로 수록했습니다. - 시와 찬미 11은 악보집 이용자들이 선호하는 스프링 제본 방식으로 제작되었습니다.- 시와 찬미11에는 607곡들이 주제별, 코드별로 분류되어 수록되어 있습니다. - 시와 찬미 11의 주제별 분류는 경배와 찬양, 은혜와 사랑, 회개와 고백, 기도와 간구, 축복과 교제, 선교와 승리로 되어 있습니다.- 가사 첫 줄 및 제목별 색인으로 각 곡의 가사 첫줄과 제목이 다른 경우 가사 첫줄을 중복 삽입해 곡을 찾는 데 어려움이 없도록 하였습니다.- 찬양인도자와 기타반주자를 위한 기타 반주법을 수록하였습니다. 기본적인 코드에 대한 설명과 기타 연주 시에 필요한 리듬, 코드 집는 방법에 대해 수록하였습니다. 그리고 기존의 기타코드집이나 교본에서 찾아보기 힘든 베이스음이 다른 코드들로 정리한 기타코드표도 함께 수록하였습니다.- 시와 찬미 11의 악보 구성은 악보 상단에 한글제목, 그 아래에 영문제목, 악보 좌측 상단에 성경구절, 우측 상단에 작곡&작사자, 그리고 악보 하단에 저작권 표기로 이루어져 있습니다. - 시와 찬미 11은 카피케어코리아, 한국음악저작권협회, 한국크리스천음악저작자협회, 컨스크레이티드미디어, 카이오스, 광수미디어, 온리원뮤직, 인피니스, 유니버설뮤직퍼블리싱 등의 기관과 개인 저작권자들로부터 저작권 사용 승인을 얻어 제작하였습니다. 무단 도용 및 배포는 법으로 금지되어 있습니다."
참 좋은 CCM 바이올린 연주곡집,황민경,"국내도서
 > 
종교
 > 
CD/TAPE/악보
 > 
CCM악보",9.78894E+12,"● 많이 알려진 베스트 CCM, 최근 발표된 은혜로운 찬양곡 중    바이올린으로 연주하기 좋은 곡들을 선곡함 ● 난이도에 따라 초, 중, 고급편으로 분류, 각 곡마다 알맞은     바이올린 주법 및 운지 상세 표시함    ● 방과후 교실, 교회 특기적성교육, 학원 바이올린 특강 및    바이올린 찬양팀, 솔로 연주 등을 위한 맞춤 곡집"
CCM 반주의 비밀: 리듬애드립 편,조희순,"국내도서
 > 
종교
 > 
CD/TAPE/악보
 > 
기독교성가집",9.78893E+12,"▶ Joy쌤 조희순 교수와 함께 CCM반주도 배워보세요.· 찬양 중 가장 많이 사용되는 리듬의 코드 반주를 적용할 수 있게 했어요.· 꼭 알아야 할 코드 반주 리듬과 말 리듬을 통한 애드립, 전주, 엔딩, 전조, 멘트할 때의 반주 팁을 습득할 수 있어요.· 체계적인 원리를 통한 편곡 기법으로 곡을 만났을 때 전체 곡의 구성을 파악한 후 적용하여 연주할 수 있어요.▶ 찬양에 바로 활용할 수 있는 수록곡내 안에 사는 이/ 하나님은 너를 지키시는 자/ 나 주님의 기쁨 되기 원하네/ 부르신 곳에서/ 성령이 오셨네/ 손을 높이 들고/ 크신 주께/ 찬양이 언제나 넘치면/ 천국은 마치/ 사랑하는 나의 아버지/ 수퍼 스타 예수/ 주의 손에 나의 손을 포개고/ 살아계신 주/ 찬양하세/ 찬양하라 내 영혼아/ 예수님 만나고 싶어요/ 구주의 십자가 보혈로/ 그럼에도 불구하고/ 주 품에 총 19곡 수록"
CCM 반주의 비밀 3: 리하모니제이션 편,조희순,"국내도서
 > 
종교
 > 
CD/TAPE/악보
 > 
CCM악보",9.78893E+12,"▶ Joy쌤 조희순 교수와 함께 CCM반주도 배워보세요.· 어떤 곡을 만나도 당황하지 않고 연주할 수 있도록 곡 전체를 파악할 수 있어요.· 10 Step으로 차근 차근 리하모니제이션 해봐요.· 단계마다 적용해 볼 수 있는 예시 곡이 많이 실려 있어요.▶ 찬양에 바로 활용할 수 있는 수록곡주님과 같이, 예배합니다, 나의 발은 춤을 추며, 우리 함께 기뻐해, 너는 내 것이라, 하나님이시여, 오 주여 나의 마음이, 성령 하나님, 십자가 그 사랑 멀리 떠나서, 마음이 상한 자를, 목마른 사슴, 약할 때 강함 되시네, 언제나 내 모습, 주의 손에 나의 손을 포개고, 주만 바라볼찌라, 사랑하는 나의 아버지, 하나님은 너를 지키시는 자, 부르신 곳에서, 참 아름다와라!, 주 품에, 내 구주 예수님, 아무 것도 두려워 말라, 손을 높이 들고, 성령이 오셨네, 그럼에도 불구하고, 내 손을 주께 높이 듭니다, 보혈을 지나, 채우시네, 주님 뜻대로 살기로 했네, 예수님 만나고 싶어요, 기대 총 31곡 수록"
함께 연주하는 우쿨렐레(찬양편),김한나,"국내도서
 > 
종교
 > 
CD/TAPE/악보
 > 
CCM악보",9.78896E+12,"혼자가 아닌 여럿이서 연주할 때 그 매력이 배가 되는 우쿨렐레의 특성을 살려 앙상블로 우쿨렐레를 연주할 수 있는 악보집이 출간되었다. 이 책은 크리스천을 위한 악보집으로 <먼저 그 나라와 의를 구하라>, <예수 사랑하심은>, <주 예수보다 더 귀한 것은 없네>, <내 진정 사모하는>, <기쁘다 구주 오셨네> 등 총 20곡의 찬양이 수록되어 있다. 연주곡은 듀오, 트리오, 콰르텟, 캐럴 총 4개의 파트로 구성되어 있고 곡에 따라 2~4인이 함께 연주할 수 있다. 또 연주 동영상 QR코드와 파트별 악보가 따로 수록되어 있어 연습에도 매우 용이하다. 이제는 혼자 연주하는 것을 넘어서 여럿이 함께 화음을 내며 우쿨렐레를 연주하여 보자."
은혜로 주찬양 400곡,CCM 2u 편집부,"국내도서
 > 
종교
 > 
CD/TAPE/악보
 > 
기독교성가집",9.78896E+12,"한국교회의 장년과 청년들이 선호하는 복음성가 베스트 400곡 미가엘 반주기 번호표시(구ㆍ신 버전)로 미가엘 반주기 사용이 용이합니다.   큰 글씨, 큰 악보, 사용하기 편리한 제본 방식과 편집으로 누구나 보기에 편합니다. 수요예배, 금요철야, 주일찬양예배, 구역모임 등 여러 예배에서 은혜로운    찬양으로 사용할 수 있습니다. 코드-제목 가나다순 편집으로 같은 코드의 곡을 쉽게 볼 수 있습니다.  목차에서 곡을 찾을 때는 곡의 제목 뿐 아니라 가사 첫줄만 알아도 쉽게 찾을 수 있습니다. 청년부ㆍ신세대를 위한 신곡(마커스, 제이어스 등)도 선곡한 찬양으로 함께 할 수 있습니다."
블랙 바이엘 with 찬송가 3,세광음악출판사 편집부,"국내도서
 > 
예술/대중문화
 > 
음악
 > 
건반악기
 > 
바이엘",9.7889E+12,#NAME?
블랙 재즈 찬송가 피아노 연주곡집,함시성,"국내도서
 > 
종교
 > 
CD/TAPE/악보
 > 
기독교성가집",9.7889E+12,- 찬송가를 재즈 스타일로 리하모니제이션한 저자의 세련된 편곡이 특징입니다.- 오래도록 많은 사랑을 받고 있는 찬송가 총 24곡이 수록되어 있습니다.- 효과적인 연주가 가능하도록 쉬운 난이도부터 단계별로 구성하였습니다.
중앙성가 Vol 46,박신화,"국내도서
 > 
종교
 > 
CD/TAPE/악보
 > 
기독교성가집",9.78896E+12,"하나님의 영광을 높이는 도구로 꾸준히 쓰임 받은 중앙성가가 새롭게 출간되었습니다!이번 46집에서는 다양한 CCM 편곡과 고전성가, 국악을 가미한 찬송가 편곡과 원곡의 느낌을 잘 살린 찬송가 편곡, 빌리그레함 50주년 기념대회에서 일만명의 찬양대가 연주한 곡, 아프리카 리듬과 스윙 리듬의 찬양 등, 다양한 음악적 색채 가득한 곡들로 수록되었습니다. 『중앙성가 46집』으로 찬양의 열매를 올려드리는 모든 교회에 기쁨의 찬양이 넘치길 소망합니다."
